Sexo;28618233
Sexo;65773354
Sexo;39653305
Email Tutor;34388746
Sexo;41688595
DNI;150000000
Sexo;57113295
DNI;500000
Sexo;28697136
Sexo;51900997
DNI;500000
CUIL;18190748
DNI;500000
Sexo;75593281
CUIL;40320170
Sexo;99278038
Sexo;81933724
Sexo;68605756
Sexo;42725847
Sexo;20820393
Sexo;23119353
Sexo;58037414
Sexo;17841018
CUIL;43381572
Sexo;91757268
DNI;500000
Afiliacion vs Nac.;59613714
Sexo;56625891
Email Tutor;55283113
Sexo;72420297
Sexo;1106519
DNI;500000
CUIL;36473532
Sexo;15203140
Sexo;26249635
Sexo;87751261
CUIL;13646927
Sexo;61718519
Afiliacion vs Nac.;88510850
Afiliacion vs Nac.;71034334
Sexo;22081203
DNI;500000
Sexo;68976725
Afiliacion vs Nac.;50474232
Sexo;25595320
Sexo;91380382
Sexo;89838206
Afiliacion vs Nac.;59437847
CUIL;93852675
Sexo;65555944
DNI;150000000
CUIL;8118644
Sexo;58452815
Afiliacion vs Nac.;22874181
Email Tutor;20823921
Sexo;29562840
CUIL;52029870
CUIL;21283907
Sexo;8302145
Sexo;8753677
CUIL;9898727
Sexo;55369005
Sexo;28298829
Afiliacion vs Nac.;12333628
DNI;150000000
Sexo;66752755
Sexo;29559223
Sexo;74796264
Sexo;55943109
Sexo;80977425
Afiliacion vs Nac.;22316745
Sexo;60244876
Afiliacion vs Nac.;89514964
DNI;150000000
Sexo;72155990
Sexo;38749650
CUIL;20574019
DNI;500000
Sexo;20389252
CUIL;34692728
CUIL;73552284
DNI;150000000
Sexo;90958856
Sexo;89624448
Sexo;84793631
Sexo;32027019
Afiliacion vs Nac.;19917896
Afiliacion vs Nac.;72712375
Sexo;32413191
Afiliacion vs Nac.;29366961
DNI;150000000
Email Tutor;8970986
DNI;500000
Sexo;2856712
Sexo;35402125
Sexo;13055513
Sexo;7710514
DNI;150000000
Email Tutor;35867903
Afiliacion vs Nac.;37347993
Sexo;16518492
CUIL;57237690
Sexo;52593323
CUIL;89810417
Afiliacion vs Nac.;80693269
Sexo;19404854
Sexo;37339731
Afiliacion vs Nac.;76462663
Sexo;62083476
Sexo;91572635
Sexo;89376739
CUIL;93271141
Sexo;93870376
CUIL;81238720
CUIL;55691988
Sexo;34127738
Sexo;51166413
Sexo;76909566
CUIL;63745634
Sexo;56433219
CUIL;49429091
DNI;500000
CUIL;93700934
DNI;500000
Sexo;96272081
Afiliacion vs Nac.;56041621
CUIL;72133661
DNI;500000
Sexo;86872036
Sexo;72845897
CUIL;43614120
Sexo;38625967
DNI;500000
Sexo;41200683
Sexo;9087724
Sexo;39813164
DNI;150000000
CUIL;34798918
CUIL;88465167
Sexo;3299044
Sexo;86835540
CUIL;86400727
CUIL;16774189
DNI;150000000
Sexo;50793580
Sexo;99820815
CUIL;19835027
Sexo;98397946
Sexo;17571929
Sexo;17774554
DNI;500000
Afiliacion vs Nac.;23585440
Sexo;48308518
DNI;500000
Sexo;44732628
Afiliacion vs Nac.;37795457
CUIL;11938347
DNI;500000
Sexo;97001158
DNI;500000
Sexo;82340192
Sexo;72517744
Afiliacion vs Nac.;85979229
DNI;500000
CUIL;63315933
DNI;150000000
Sexo;1877891
Sexo;55796757
Sexo;30412474
Sexo;26814273
DNI;500000
DNI;150000000
DNI;150000000
Afiliacion vs Nac.;34593953
Sexo;16231196
Afiliacion vs Nac.;58975185
Sexo;6561456
Sexo;9714127
DNI;500000
Sexo;39523961
DNI;150000000
DNI;500000
Afiliacion vs Nac.;92196830
Sexo;71480672
Sexo;23597370
Sexo;90466792
Afiliacion vs Nac.;29365463
Sexo;24764692
Sexo;70985006
Sexo;70960354
Sexo;47749914
Afiliacion vs Nac.;66729312
Email Tutor;79897883
Afiliacion vs Nac.;30744699
DNI;150000000
DNI;150000000
DNI;500000
Sexo;98830567
CUIL;98214731
CUIL;39094082
Sexo;81567177
Sexo;63974825
DNI;500000
Email Tutor;86162457
Sexo;87826590
Afiliacion vs Nac.;30785760
CUIL;38079338
Sexo;14072863
Email Tutor;95126638
CUIL;11475008
Sexo;54418186
DNI;500000
DNI;150000000
Sexo;79088618
DNI;500000
Sexo;57146961
Sexo;70056817
Afiliacion vs Nac.;90242080
Sexo;72044795
Afiliacion vs Nac.;73358465
Sexo;43496064
Sexo;34077513
Sexo;30115089
Sexo;73113726
Sexo;94273122
CUIL;83347780
Sexo;9411006
DNI;150000000
Afiliacion vs Nac.;88963683
Afiliacion vs Nac.;19130975
Sexo;98799699
CUIL;96935028
DNI;500000
CUIL;60474960
CUIL;87850092
DNI;500000
Sexo;67155081
Sexo;72468122
DNI;150000000
Sexo;10557073
CUIL;60138247
Sexo;18017161
Sexo;17212941
CUIL;98648643
DNI;150000000
Afiliacion vs Nac.;12216460
Sexo;45014658
Sexo;20698564
Sexo;50956976
Sexo;58691977
DNI;150000000
Sexo;68329091
CUIL;45160691
DNI;500000
Sexo;21447421
Sexo;4674110
CUIL;15400188
Sexo;78852989
Afiliacion vs Nac.;66388151
CUIL;34936455
Sexo;44942244
Sexo;92706527
DNI;500000
DNI;150000000
CUIL;72022848
CUIL;66096033
CUIL;60433151
Sexo;43279632
Sexo;94895310
Sexo;20265558
DNI;500000
CUIL;78381311
DNI;500000
CUIL;73315468
Sexo;48919905
CUIL;56295544
CUIL;3803162
Sexo;68111930
DNI;150000000
DNI;500000
CUIL;45815472
Afiliacion vs Nac.;88063192
Afiliacion vs Nac.;88153491
Sexo;54114600
DNI;500000
Email Tutor;23910639
DNI;150000000
Afiliacion vs Nac.;31684947
CUIL;71036677
Sexo;29782070
DNI;150000000
DNI;150000000
CUIL;18970299
DNI;500000
Afiliacion vs Nac.;76601414
Sexo;60136788
Afiliacion vs Nac.;16064255
Sexo;25137519
Sexo;68414291
DNI;150000000
CUIL;85315293
Sexo;74635258
Sexo;41173465
Afiliacion vs Nac.;69395367
Sexo;19632375
DNI;500000
DNI;150000000
CUIL;55193230
Afiliacion vs Nac.;28037835
Afiliacion vs Nac.;65413225
CUIL;27242620
CUIL;3107937
CUIL;77365992
Sexo;68775624
Sexo;95626964
CUIL;37092058
Afiliacion vs Nac.;10550971
Sexo;68060851
DNI;500000
Sexo;89749705
CUIL;17742849
Sexo;1317948
DNI;500000
Afiliacion vs Nac.;24861649
Afiliacion vs Nac.;58769006
DNI;500000
Sexo;42032032
DNI;150000000
Sexo;76416359
Sexo;58973569
DNI;150000000
Sexo;58761206
CUIL;42057566
Afiliacion vs Nac.;92226308
Afiliacion vs Nac.;1814227
Sexo;82246459
Afiliacion vs Nac.;66651538
Sexo;40555363
Sexo;15791295
Sexo;5934227
Sexo;56730013
DNI;150000000
Sexo;16494131
Sexo;16162873
DNI;150000000
CUIL;3760281
CUIL;68232425
DNI;150000000
Sexo;48970086
CUIL;71362172
CUIL;39538991
CUIL;56912216
CUIL;17696041
DNI;150000000
CUIL;8490593
CUIL;82140066
Sexo;81136724
Sexo;25461485
Afiliacion vs Nac.;88687816
Afiliacion vs Nac.;64125957
Afiliacion vs Nac.;57809401
CUIL;31519387
Sexo;81590242
CUIL;29169236
Sexo;9770008
DNI;500000
DNI;150000000
Sexo;65283443
CUIL;85116857
Afiliacion vs Nac.;72969939
Sexo;65014130
CUIL;5063288
Afiliacion vs Nac.;92163549
CUIL;56891268
Sexo;54460842
Afiliacion vs Nac.;65221080
CUIL;5484378
CUIL;94588181
DNI;500000
CUIL;50629341
Sexo;84263354
DNI;150000000
Afiliacion vs Nac.;73504065
Sexo;99413996
Sexo;30540269
Afiliacion vs Nac.;16685059
DNI;150000000
Sexo;84849078
Sexo;56064082
Afiliacion vs Nac.;14756458
Sexo;32633096
CUIL;47202208
Sexo;85645736
DNI;150000000
Afiliacion vs Nac.;71655168
Sexo;2995525
DNI;500000
Sexo;48915919
Afiliacion vs Nac.;22743221
DNI;150000000
CUIL;28413501
Sexo;30835644
DNI;150000000
CUIL;6840217
DNI;150000000
CUIL;43777804
DNI;150000000
Sexo;64848945
Sexo;6250741
Sexo;1158456
Sexo;94728776
CUIL;52719922
CUIL;99395579
DNI;500000
CUIL;23417753
Sexo;92007433
CUIL;50648388
Sexo;20834272
Sexo;25408505
Sexo;87656431
DNI;500000
DNI;500000
CUIL;69387996
Afiliacion vs Nac.;11877013
Afiliacion vs Nac.;6619799
DNI;150000000
Sexo;55053755
Sexo;80538500
Sexo;31462601
DNI;150000000
Afiliacion vs Nac.;82907450
CUIL;4938130
CUIL;24590747
Sexo;31303523
Afiliacion vs Nac.;67103075
DNI;500000
CUIL;52142943
Afiliacion vs Nac.;83532506
Sexo;42846745
Sexo;47163522
CUIL;95361482
Sexo;75270547
Sexo;94721784
CUIL;26109120
Sexo;73726239
CUIL;1799989
Sexo;8771265
Sexo;48642140
CUIL;46796132
Afiliacion vs Nac.;64581524
Sexo;20632129
DNI;150000000
CUIL;8367649
Sexo;29255991
Sexo;85447086
CUIL;24005107
Sexo;55413583
Sexo;68513836
DNI;500000
Sexo;88633057
CUIL;16469008
Sexo;2022487
DNI;150000000
Sexo;24647276
CUIL;16568412
DNI;500000
CUIL;64709892
Afiliacion vs Nac.;53886999
DNI;150000000
Sexo;98856364
Sexo;91952619
CUIL;23636167
CUIL;97166170
Sexo;71642847
Email Tutor;75463390
Sexo;76761318
Sexo;50570472
DNI;150000000
Sexo;10234802
DNI;150000000
CUIL;28260705
Sexo;50395971
CUIL;96694429
Sexo;64757542
CUIL;69043392
DNI;500000
Sexo;7277798
CUIL;85145615
DNI;500000
Sexo;43847420
Sexo;14275109
Sexo;67372374
Sexo;89100937
Afiliacion vs Nac.;23345614
Sexo;88316352
Afiliacion vs Nac.;40353585
CUIL;86236001
Sexo;69246124
Sexo;79904375
Sexo;94756750
DNI;500000
CUIL;77442649
Sexo;37442489
Sexo;93167308
Sexo;64706856
CUIL;18475034
Sexo;65630612
Sexo;93970434
DNI;500000
DNI;500000
CUIL;62244400
Sexo;31127035
Sexo;68492070
Sexo;90014317
Sexo;23916466
Sexo;26966502
CUIL;26187665
Sexo;59587671
Sexo;93344084
DNI;500000
CUIL;21989352
CUIL;4564876
Sexo;1827014
CUIL;4333248
CUIL;66884844
