28618233;30286182336;Falce, Lucia;08/06/2013;O;08/02/2015;MENOR;27/10/2025;A;VIP;tutor_28618233@gmail.com
65773354;30657733543;Mendoza, Ezequiel;11/06/2000;O;03/03/2000;ADULTO;08/06/2024;A;VIP;
33741885;20337418857;mansour ezequiel;14/06/1989;M;20/03/2025;ADULTO;22/11/2025;A;VIP;
39653305;30396533053;Mendoza, Ana;16/06/1982;O;01/01/2004;ADULTO;30/12/2013;A;FAMILY;
34388746;27343887464;Gomez, Cristina;09/06/2010;F;25/07/2014;MENOR;06/04/2022;A;FAMILY;
41688595;30416885954;Mendoza, Ana;19/06/1968;O;11/03/1968;ADULTO;04/09/1995;A;PREMIUM;
98590452;27985904524;Mansour, Nahuel;10/06/2005;F;15/05/2021;ADULTO;23/09/2023;A;BASIC;
150000000;20847234122;Mansour, Antonella;08/06/2012;M;11/11/2017;MENOR;27/05/2025;A;FAMILY;tutor_84723412@gmail.com
47504109;20475041098;Gomez, Pedro;15/06/1987;M;05/05/2017;ADULTO;31/03/2021;A;BASIC;
36069553;27360695536;Gomez, Maria;13/06/1995;F;20/02/1997;ADULTO;06/03/2000;A;BASIC;
36837096;27368370962;Falce, Antonella;19/06/1970;F;15/03/1983;ADULTO;04/10/2004;A;BASIC;
57113295;30571132954;falce jorge;16/06/1982;O;30/09/1997;ADULTO;24/10/2011;A;VIP;
500000;30577415184;Mansour, Nahuel;07/06/2016;O;06/05/2026;MENOR;29/05/2026;A;FAMILY;tutor_57741518@gmail.com
28697136;30286971365;Perez, Pedro;16/06/1983;O;07/01/2025;ADULTO;01/08/2025;A;BASIC;
20689441;27206894410;Scordia, Lucia;14/06/1988;F;06/09/2018;ADULTO;18/03/2021;A;VIP;
18185464;27181854648;Falce, Maria;10/06/2006;F;10/01/2021;ADULTO;05/06/2021;A;FAMILY;
51900997;30519009974;Pellati, Maria;11/06/2002;O;23/02/2023;ADULTO;31/07/2025;A;FAMILY;
92316205;23923162054;gomez juan;18/06/1973;F;06/01/1976;ADULTO;27/09/2010;A;VIP;
500000;30787421233;Pellati, Pedro;18/06/1973;O;01/12/2023;ADULTO;20/04/2025;A;FAMILY;
18190748;20181907489;Gomez, Antonella;14/06/1989;M;30/09/2009;ADULTO;20/09/2014;A;BASIC;
500000;20608827243;Mansour, Juan;14/06/1990;M;17/07/1997;ADULTO;01/01/2000;A;BASIC;
75593281;30755932813;pellati nahuel;12/06/1996;O;21/01/2019;ADULTO;24/02/2023;A;FAMILY;
40320170;20403201709;Pellati, Maria;18/06/1973;M;06/02/1989;ADULTO;23/04/2014;A;VIP;
3105759;27031057596;scordia jorge;12/06/1996;F;03/04/2018;ADULTO;09/01/2023;A;BASIC;
14542000;27145420003;Perez, Lucia;14/06/1990;F;20/01/2025;ADULTO;10/11/2025;A;FAMILY;
95008640;20950086409;Pellati, Cristina;15/06/1987;M;12/06/2025;ADULTO;10/07/2025;A;VIP;
99278038;30992780386;Mendoza, Ezequiel;17/06/1977;O;09/03/1977;ADULTO;19/10/1995;A;BASIC;
81933724;30819337248;Perez, Jorge;18/06/1972;O;03/09/2015;ADULTO;20/11/2018;A;VIP;
68605756;30686057565;Lopez, Lucia;11/06/2003;O;03/03/2003;ADULTO;19/06/2023;A;PREMIUM;
94543996;20945439964;Lopez, Maria;17/06/1979;M;19/11/2023;ADULTO;18/05/2024;A;BASIC;
42725847;30427258471;Gomez, Pedro;10/06/2005;O;04/09/2009;ADULTO;18/07/2020;A;PREMIUM;
20820393;30208203939;Pellati, Ezequiel;09/06/2010;O;06/02/2020;MENOR;18/06/2023;A;VIP;tutor_20820393@gmail.com
27433374;20274333740;Gomez, Jorge;11/06/2000;M;15/08/2020;ADULTO;29/11/2023;A;BASIC;
23119353;30231193533;Pellati, Antonella;13/06/1994;O;25/03/2006;ADULTO;11/06/2014;A;VIP;
97787685;20977876851;Falce, Juan;08/06/2014;M;22/08/2017;MENOR;28/02/2020;A;BASIC;tutor_97787685@gmail.com
58037414;30580374146;Lopez, Lucia;15/06/1985;O;21/01/1986;ADULTO;03/11/2025;A;FAMILY;
56286852;20562868527;Pellati, Juan;08/06/2013;M;30/11/2022;MENOR;15/06/2023;A;PREMIUM;tutor_56286852@gmail.com
17841018;30178410187;Falce, Pedro;18/06/1972;O;01/02/1995;ADULTO;26/09/2019;A;FAMILY;
43381572;30433815729;Falce, Ana;08/06/2012;O;09/12/2023;MENOR;24/02/2026;A;BASIC;tutor_43381572@gmail.com
95390879;20953908795;Lopez, Ana;08/06/2014;M;15/01/2015;MENOR;02/06/2016;A;FAMILY;tutor_95390879@gmail.com
4955680;27049556808;Perez, Antonella;11/06/2000;F;07/07/2007;ADULTO;16/05/2016;A;FAMILY;
91757268;30917572689;Falce, Lucia;13/06/1995;O;27/09/2017;ADULTO;29/08/2022;A;PREMIUM;
66571630;27665716304;lopez ana;18/06/1972;F;23/09/1997;ADULTO;18/04/1998;A;PREMIUM;
12261801;20122618014;Perez, Maria;13/06/1995;M;26/05/2012;ADULTO;07/10/2023;A;BASIC;
500000;30592806092;Mendoza, Maria;09/06/2009;O;07/04/2015;MENOR;23/09/2019;A;BASIC;tutor_59280609@gmail.com
59613714;20596137149;Pellati, Cristina;10/06/2005;M;02/03/2005;ADULTO;25/08/2023;A;PREMIUM;
56625891;30566258915;Mendoza, Nahuel;11/06/2001;O;12/08/2025;ADULTO;24/05/2026;A;BASIC;
55283113;27552831131;Falce, Antonella;08/06/2014;F;19/07/2021;MENOR;05/01/2023;A;PREMIUM;
72420297;30724202973;Gomez, Nahuel;12/06/1996;O;28/08/1998;ADULTO;31/01/2006;A;BASIC;
7762002;20077620029;Perez, Antonella;18/06/1975;M;06/12/1981;ADULTO;25/11/2015;A;VIP;
59855709;27598557093;Falce, Pedro;18/06/1974;F;19/06/1982;ADULTO;05/05/2011;A;FAMILY;
1106519;30011065194;pellati jorge;11/06/2000;O;17/08/2017;ADULTO;07/07/2023;A;PREMIUM;
20044326;27200443263;Gomez, Nahuel;17/06/1976;F;12/12/1982;ADULTO;01/07/2023;A;BASIC;
500000;30418721517;Scordia, Antonella;15/06/1985;O;01/11/2007;ADULTO;06/11/2010;A;BASIC;
35749998;20357499985;Lopez, Pedro;17/06/1979;M;24/08/2014;ADULTO;28/06/2015;A;PREMIUM;
56014603;27560146030;Perez, Juan;08/06/2013;F;16/11/2021;MENOR;29/12/2022;A;BASIC;tutor_56014603@gmail.com
57762862;27577628624;Gomez, Maria;10/06/2007;F;19/11/2017;ADULTO;18/05/2022;A;BASIC;
89827678;27898276789;Mansour, Juan;12/06/1999;F;15/10/2016;ADULTO;06/01/2020;A;VIP;
30508311;23305083119;Mendoza, Nahuel;15/06/1987;M;10/06/2019;ADULTO;25/08/2022;A;PREMIUM;
11445219;20114452190;Mendoza, Maria;11/06/2000;M;03/04/2002;ADULTO;16/04/2008;A;FAMILY;
63235641;27632356418;Lopez, Ana;10/06/2006;F;31/01/2013;ADULTO;05/08/2023;A;PREMIUM;
36473532;30364735329;Gomez, Lucia;17/06/1979;O;22/01/2025;ADULTO;14/09/2025;A;VIP;
15203140;30152031404;Mendoza, Maria;08/06/2013;O;26/08/2015;MENOR;20/06/2017;A;PREMIUM;tutor_15203140@gmail.com
26249635;30262496356;Scordia, Pedro;11/06/2001;O;07/09/2017;ADULTO;12/05/2024;A;VIP;
87751261;30877512610;Falce, Maria;10/06/2004;O;28/01/2011;ADULTO;17/01/2015;A;FAMILY;
13646927;23136469279;Perez, Lucia;11/06/2002;F;03/11/2006;ADULTO;05/04/2008;A;PREMIUM;
91409255;27914092553;Mansour, Nahuel;19/06/1969;F;04/05/1983;ADULTO;23/10/2022;A;FAMILY;
61718519;30617185195;Perez, Nahuel;12/06/1998;O;30/08/2017;ADULTO;08/06/2022;A;FAMILY;
88510850;20885108505;Perez, Nahuel;13/06/1995;M;05/03/1995;ADULTO;12/05/2022;A;FAMILY;
53976747;20539767470;Mansour, Nahuel;20/06/1967;M;25/08/1991;ADULTO;18/09/2007;A;PREMIUM;
21015534;20210155342;Mendoza, Nahuel;12/06/1999;M;29/01/2019;ADULTO;03/08/2019;A;BASIC;
71034334;27710343344;Perez, Maria;17/06/1977;F;09/03/1977;ADULTO;16/04/2016;A;FAMILY;
22081203;30220812037;Mendoza, Ezequiel;08/06/2012;O;15/02/2014;MENOR;03/06/2022;A;VIP;
500000;20355995179;Gomez, Jorge;13/06/1993;M;28/03/2016;ADULTO;13/11/2022;A;PREMIUM;
98824096;20988240967;Mansour, Nahuel;09/06/2011;M;20/07/2017;MENOR;29/10/2023;A;VIP;tutor_98824096@gmail.com
68976725;30689767253;Pellati, Ana;13/06/1993;O;24/04/2018;ADULTO;29/03/2019;A;VIP;
60890152;27608901529;Pellati, Lucia;15/06/1984;F;01/05/2003;ADULTO;17/03/2005;A;VIP;
72823733;20728237334;Lopez, Antonella;18/06/1974;M;04/12/2007;ADULTO;27/09/2022;A;VIP;
50474232;20504742327;Perez, Antonella;17/06/1979;M;09/03/1979;ADULTO;01/02/2013;A;PREMIUM;
25595320;30255953202;Pellati, Ezequiel;16/06/1981;O;26/11/2011;ADULTO;20/09/2022;A;BASIC;
27733315;20277333156;Gomez, Pedro;10/06/2004;M;23/12/2021;ADULTO;17/03/2022;A;VIP;
53057982;23530579824;Falce, Cristina;09/06/2011;F;23/03/2024;MENOR;19/06/2024;A;VIP;tutor_53057982@gmail.com
19072252;20190722520;Mendoza, Maria;19/06/1971;M;16/10/2021;ADULTO;19/12/2023;A;PREMIUM;
91380382;30913803821;Mendoza, Pedro;12/06/1998;O;13/10/2020;ADULTO;25/07/2022;A;FAMILY;
43635887;27436358879;Falce, Antonella;14/06/1988;F;30/11/2019;ADULTO;23/09/2023;A;PREMIUM;
95464314;20954643140;perez lucia;19/06/1971;M;01/02/1975;ADULTO;06/09/2024;A;PREMIUM;
89838206;30898382067;Gomez, Nahuel;20/06/1966;O;10/05/2021;ADULTO;16/03/2025;A;PREMIUM;
3723579;20037235793;pellati nahuel;16/06/1981;M;16/09/1981;ADULTO;11/02/2007;A;FAMILY;
59437847;20594378475;Lopez, Ana;17/06/1976;M;09/03/1976;ADULTO;17/12/2017;A;PREMIUM;
52354524;27523545243;Falce, Jorge;18/06/1975;F;18/07/1978;ADULTO;16/10/1995;A;BASIC;
93852675;309385267510;Lopez, Juan;08/06/2015;O;12/12/2025;MENOR;18/04/2026;A;VIP;tutor_93852675@gmail.com
38619665;27386196651;Gomez, Nahuel;09/06/2010;F;18/04/2016;MENOR;28/12/2018;A;FAMILY;tutor_38619665@gmail.com
65555944;30655559449;Gomez, Jorge;10/06/2005;O;16/03/2011;ADULTO;14/06/2016;A;PREMIUM;
150000000;20200603290;Scordia, Antonella;15/06/1987;M;23/01/2020;ADULTO;18/04/2023;A;BASIC;
36372427;27363724278;Perez, Jorge;10/06/2006;F;03/06/2010;ADULTO;14/11/2015;A;VIP;
8118644;27081186449;Pellati, Lucia;14/06/1990;F;05/02/2009;ADULTO;15/05/2017;A;FAMILY;
56126607;27561266072;Mendoza, Juan;18/06/1973;F;10/02/2009;ADULTO;12/07/2022;A;FAMILY;
42645135;20426451353;Scordia, Jorge;07/06/2016;M;26/02/2024;MENOR;27/12/2024;A;FAMILY;tutor_42645135@gmail.com
58452815;30584528156;Falce, Maria;08/06/2014;O;15/02/2023;MENOR;16/03/2023;A;BASIC;tutor_58452815@gmail.com
22874181;20228741818;Pellati, Cristina;10/06/2006;M;02/03/2006;ADULTO;21/04/2025;A;FAMILY;
47551485;27475514853;Lopez, Lucia;08/06/2015;F;26/04/2017;MENOR;05/04/2026;A;VIP;tutor_47551485@gmail.com
16103345;27161033451;Lopez, Nahuel;11/06/2003;F;30/07/2023;ADULTO;05/08/2025;A;PREMIUM;
20823921;27208239215;Mansour, Lucia;09/06/2010;F;11/10/2014;MENOR;21/09/2016;A;VIP;
45546568;20455465681;Mansour, Nahuel;08/06/2015;M;04/10/2019;MENOR;30/01/2025;A;VIP;tutor_45546568@gmail.com
29562840;30295628401;gomez ana;11/06/2002;O;05/11/2025;ADULTO;02/01/2026;A;VIP;
79019494;27790194948;Pellati, Nahuel;15/06/1985;F;24/02/2001;ADULTO;15/10/2010;A;FAMILY;
52029870;305202987010;Gomez, Ezequiel;15/06/1985;O;28/06/2000;ADULTO;28/11/2000;A;VIP;
21283907;27212839079;Gomez, Maria;08/06/2014;F;13/06/2019;MENOR;07/03/2020;A;BASIC;tutor_21283907@gmail.com
60684021;20606840218;Lopez, Maria;19/06/1970;M;05/10/2012;ADULTO;20/04/2018;A;VIP;
8302145;30083021450;mendoza juan;19/06/1971;O;25/01/2009;ADULTO;20/01/2020;A;FAMILY;
85648587;20856485871;lopez lucia;10/06/2007;M;02/11/2011;ADULTO;20/03/2025;A;BASIC;
8753677;30087536773;Mansour, Ana;16/06/1980;O;03/07/2017;ADULTO;29/04/2019;A;BASIC;
9898727;20098987279;Scordia, Ana;18/06/1972;M;09/06/2002;ADULTO;28/05/2009;A;BASIC;
72419040;20724190406;Gomez, Jorge;14/06/1989;M;25/10/2013;ADULTO;15/02/2019;A;PREMIUM;
55369005;30553690052;Pellati, Cristina;13/06/1993;O;05/11/2023;ADULTO;30/09/2024;A;BASIC;
28298829;30282988298;Perez, Antonella;15/06/1986;O;09/10/2021;ADULTO;04/03/2024;A;PREMIUM;
12333628;27123336289;Mansour, Juan;14/06/1988;F;06/03/1988;ADULTO;12/05/2015;A;BASIC;
150000000;27734624662;Pellati, Maria;08/06/2012;F;12/08/2013;MENOR;07/05/2023;A;PREMIUM;tutor_73462466@gmail.com
66752755;30667527550;Perez, Cristina;07/06/2016;O;22/09/2017;MENOR;05/02/2022;A;PREMIUM;tutor_66752755@gmail.com
29559223;30295592237;Mendoza, Pedro;17/06/1976;O;11/08/2025;ADULTO;25/11/2025;A;BASIC;
74796264;30747962649;Falce, Cristina;09/06/2010;O;10/05/2025;MENOR;13/04/2026;A;FAMILY;tutor_74796264@gmail.com
66816127;20668161279;Gomez, Nahuel;12/06/1996;M;09/11/2015;ADULTO;16/09/2019;A;VIP;
22551721;20225517216;mendoza lucia;09/06/2011;M;25/10/2012;MENOR;30/10/2012;A;BASIC;tutor_22551721@gmail.com
81365696;27813656960;Gomez, Cristina;07/06/2016;F;02/08/2025;MENOR;27/03/2026;A;FAMILY;tutor_81365696@gmail.com
84397788;27843977885;mansour pedro;15/06/1986;F;27/06/2012;ADULTO;21/12/2016;A;PREMIUM;
55943109;30559431091;pellati lucia;16/06/1981;O;18/05/2001;ADULTO;19/01/2008;A;VIP;
80977425;30809774259;Mendoza, Antonella;12/06/1999;O;27/05/2013;ADULTO;11/10/2014;A;PREMIUM;
22316745;20223167455;Mendoza, Ezequiel;17/06/1977;M;09/03/1977;ADULTO;01/09/2019;A;FAMILY;
60244876;30602448769;Mansour, Juan;08/06/2014;O;07/03/2021;MENOR;01/12/2023;A;VIP;tutor_60244876@gmail.com
89514964;20895149641;Falce, Pedro;12/06/1997;M;04/03/1997;ADULTO;12/01/2025;A;VIP;
150000000;20641294811;Mendoza, Lucia;15/06/1985;M;23/08/1995;ADULTO;16/07/2019;A;VIP;
72155990;30721559900;Falce, Pedro;14/06/1989;O;06/12/2014;ADULTO;17/08/2018;A;PREMIUM;
8022876;20080228768;Gomez, Maria;16/06/1982;M;15/12/1988;ADULTO;28/10/2001;A;PREMIUM;
38749650;30387496501;Lopez, Juan;17/06/1979;O;04/08/1989;ADULTO;07/12/2013;A;PREMIUM;
20574019;27205740199;Gomez, Maria;11/06/2001;F;30/03/2010;ADULTO;10/10/2012;A;BASIC;
500000;30556432593;Gomez, Ana;15/06/1986;O;11/01/2006;ADULTO;12/01/2012;A;VIP;
41010416;20410104165;Lopez, Pedro;13/06/1994;M;13/08/1994;ADULTO;21/07/2007;A;VIP;
20389252;30203892523;Perez, Cristina;17/06/1979;O;13/05/2017;ADULTO;17/03/2019;A;FAMILY;
9851893;27098518938;Falce, Jorge;10/06/2006;F;30/08/2017;ADULTO;31/07/2019;A;VIP;
34692728;303469272810;Gomez, Lucia;11/06/2001;O;29/09/2010;ADULTO;06/06/2015;A;PREMIUM;
87471047;23874710474;Gomez, Lucia;14/06/1989;F;12/01/2002;ADULTO;12/03/2008;A;BASIC;
73552284;27735522849;Falce, Cristina;08/06/2013;F;20/06/2025;MENOR;14/10/2025;A;PREMIUM;tutor_73552284@gmail.com
150000000;27226107768;Lopez, Antonella;12/06/1997;F;20/07/1997;ADULTO;02/11/2024;A;BASIC;
90958856;30909588568;Scordia, Jorge;13/06/1992;O;12/02/2026;ADULTO;07/04/2026;A;PREMIUM;
89624448;30896244481;Falce, Jorge;09/06/2008;O;01/03/2008;ADULTO;28/06/2025;A;BASIC;
69971057;20699710572;Pellati, Jorge;14/06/1991;M;03/09/2011;ADULTO;08/06/2023;A;PREMIUM;
46239563;23462395639;Falce, Jorge;13/06/1992;M;30/12/1993;ADULTO;24/03/1994;A;VIP;
84793631;30847936319;mansour jorge;18/06/1972;O;02/04/2016;ADULTO;12/04/2024;A;FAMILY;
22608190;23226081909;Lopez, Maria;13/06/1995;M;11/08/2019;ADULTO;05/11/2021;A;VIP;
32027019;30320270193;Pellati, Pedro;08/06/2013;O;02/06/2026;MENOR;03/06/2026;A;BASIC;
78408106;20784081061;perez lucia;13/06/1995;M;04/06/2018;ADULTO;28/02/2021;A;FAMILY;
19917896;27199178968;Mansour, Antonella;15/06/1987;F;07/03/1987;ADULTO;18/11/2023;A;FAMILY;
72712375;27727123755;Mendoza, Ezequiel;15/06/1984;F;07/03/1984;ADULTO;13/02/2023;A;VIP;
32413191;30324131910;Mansour, Maria;10/06/2006;O;08/09/2011;ADULTO;02/09/2019;A;FAMILY;
29366961;23293669619;Lopez, Maria;13/06/1993;M;05/03/1993;ADULTO;07/12/2019;A;FAMILY;
83922613;20839226137;mendoza cristina;07/06/2016;M;28/05/2017;MENOR;14/07/2025;A;PREMIUM;tutor_83922613@gmail.com
150000000;20160532603;Perez, Lucia;08/06/2015;M;21/08/2017;MENOR;09/10/2024;A;VIP;tutor_16053260@gmail.com
8970986;20089709866;Gomez, Antonella;07/06/2016;M;18/02/2023;MENOR;04/12/2025;A;PREMIUM;
18189181;27181891810;Mansour, Nahuel;19/06/1970;F;22/07/2011;ADULTO;05/09/2025;A;VIP;
500000;30368768940;Lopez, Ezequiel;19/06/1968;O;09/12/1980;ADULTO;14/03/1990;A;VIP;
2856712;30028567126;Falce, Antonella;08/06/2012;O;12/06/2015;MENOR;10/07/2018;A;BASIC;tutor_2856712@gmail.com
75817344;20758173446;Pellati, Maria;12/06/1997;M;13/07/2005;ADULTO;09/02/2022;A;BASIC;
35402125;30354021257;Gomez, Pedro;08/06/2014;O;23/12/2017;MENOR;22/10/2018;A;BASIC;
88137956;20881379563;Perez, Cristina;11/06/2002;M;17/08/2003;ADULTO;27/07/2024;A;FAMILY;
13055513;30130555132;Perez, Jorge;07/06/2016;O;31/07/2016;MENOR;19/04/2022;A;VIP;tutor_13055513@gmail.com
7710514;30077105146;Pellati, Pedro;09/06/2010;O;12/01/2024;MENOR;20/01/2026;A;VIP;tutor_7710514@gmail.com
58314091;20583140914;Perez, Antonella;10/06/2004;M;08/05/2021;ADULTO;17/09/2023;A;BASIC;
2241519;27022415196;mansour nahuel;14/06/1988;F;23/02/1996;ADULTO;05/07/1997;A;BASIC;
150000000;30580863546;Mansour, Antonella;19/06/1970;O;29/03/2004;ADULTO;05/08/2019;A;BASIC;
68223433;23682234334;Falce, Cristina;18/06/1975;F;13/01/1994;ADULTO;24/10/2005;A;PREMIUM;
93588489;27935884891;Perez, Jorge;14/06/1989;F;22/01/2023;ADULTO;16/08/2025;A;PREMIUM;
92009997;20920099972;Mendoza, Ana;18/06/1975;M;14/05/2015;ADULTO;19/06/2024;A;FAMILY;
35867903;27358679035;Mendoza, Antonella;09/06/2009;F;06/03/2023;MENOR;22/05/2023;A;VIP;
37347993;20373479935;Falce, Pedro;13/06/1993;M;05/03/1993;ADULTO;13/08/2005;A;VIP;
16518492;30165184927;Lopez, Pedro;20/06/1966;O;12/03/1966;ADULTO;16/11/2022;A;BASIC;
54680426;27546804262;Mendoza, Antonella;11/06/2001;F;07/10/2003;ADULTO;26/11/2007;A;VIP;
79094602;27790946028;Gomez, Jorge;11/06/2000;F;12/08/2015;ADULTO;13/11/2021;A;FAMILY;
51934742;27519347429;Falce, Jorge;18/06/1975;F;02/01/2014;ADULTO;17/11/2024;A;BASIC;
57237690;20572376909;Falce, Pedro;18/06/1975;M;12/08/2017;ADULTO;12/06/2020;A;FAMILY;
52593323;30525933233;Lopez, Pedro;17/06/1976;O;06/10/1998;ADULTO;30/12/2002;A;VIP;
22174933;27221749338;Mendoza, Lucia;13/06/1995;F;13/12/2023;ADULTO;13/02/2024;A;VIP;
38809617;23388096179;Mansour, Lucia;19/06/1969;M;08/04/1991;ADULTO;11/10/1993;A;PREMIUM;
89810417;20898104179;Gomez, Ezequiel;15/06/1984;M;27/07/2017;ADULTO;02/11/2024;A;BASIC;
80693269;20806932699;Mendoza, Cristina;19/06/1968;M;11/03/1968;ADULTO;11/05/1999;A;VIP;
19404854;30194048544;Pellati, Maria;14/06/1988;O;04/08/2002;ADULTO;24/02/2026;A;FAMILY;
37339731;30373397314;Mansour, Juan;11/06/2001;O;20/04/2020;ADULTO;23/05/2026;A;FAMILY;
36052640;20360526403;mendoza lucia;18/06/1975;M;20/01/2008;ADULTO;13/09/2011;A;BASIC;
76462663;20764626630;Scordia, Ezequiel;14/06/1990;M;06/03/1990;ADULTO;21/02/2022;A;PREMIUM;
62083476;30620834765;Perez, Cristina;17/06/1976;O;21/01/1983;ADULTO;12/06/2023;A;PREMIUM;
33972958;27339729587;Mendoza, Juan;20/06/1967;F;21/09/1983;ADULTO;02/12/2000;A;BASIC;
91572635;30915726352;Scordia, Juan;14/06/1991;O;12/03/1997;ADULTO;07/06/2020;A;VIP;
89071790;27890717905;Mansour, Juan;18/06/1974;F;21/02/2019;ADULTO;31/12/2020;A;FAMILY;
89376739;30893767394;Scordia, Maria;10/06/2006;O;27/05/2018;ADULTO;17/06/2022;A;FAMILY;
93271141;27932711419;Gomez, Ezequiel;15/06/1987;F;28/09/2024;ADULTO;03/11/2024;A;FAMILY;
28789148;27287891488;Mendoza, Juan;17/06/1976;F;24/09/2010;ADULTO;05/05/2023;A;VIP;
93870376;30938703767;Perez, Ana;13/06/1995;O;18/11/2004;ADULTO;20/01/2007;A;BASIC;
81238720;20812387209;Mansour, Nahuel;14/06/1990;M;09/01/2011;ADULTO;12/07/2017;A;FAMILY;
2061451;20020614510;Falce, Cristina;08/06/2014;M;26/05/2020;MENOR;30/06/2022;A;PREMIUM;tutor_2061451@gmail.com
39578328;27395783284;Mansour, Nahuel;17/06/1979;F;24/06/1998;ADULTO;28/05/2021;A;PREMIUM;
60839563;27608395631;Mansour, Antonella;12/06/1999;F;28/05/2006;ADULTO;13/10/2018;A;FAMILY;
55691988;20556919889;Pellati, Maria;08/06/2014;M;11/06/2020;MENOR;16/10/2020;A;BASIC;tutor_55691988@gmail.com
34127738;30341277384;Perez, Antonella;11/06/2002;O;12/07/2014;ADULTO;17/02/2023;A;PREMIUM;
29892985;27298929851;Pellati, Lucia;19/06/1971;F;02/10/2011;ADULTO;08/01/2014;A;VIP;
51166413;30511664132;mendoza lucia;12/06/1999;O;14/11/2017;ADULTO;01/01/2019;A;FAMILY;
76909566;30769095663;Gomez, Nahuel;15/06/1985;O;08/07/2021;ADULTO;29/04/2024;A;BASIC;
63745634;20637456349;Perez, Cristina;10/06/2007;M;06/08/2010;ADULTO;04/06/2012;A;FAMILY;
73279114;27732791146;perez pedro;13/06/1992;F;14/03/2010;ADULTO;11/06/2018;A;FAMILY;
42228839;20422288393;Falce, Antonella;19/06/1971;M;24/01/2025;ADULTO;21/06/2025;A;VIP;
63340429;27633404297;mansour maria;19/06/1968;F;03/02/1989;ADULTO;22/12/2001;A;PREMIUM;
56433219;30564332190;Mendoza, Nahuel;14/06/1990;O;23/03/2008;ADULTO;05/10/2009;A;VIP;
49429091;20494290919;Mansour, Pedro;16/06/1982;M;24/06/2017;ADULTO;26/09/2021;A;PREMIUM;
500000;27418309615;Scordia, Ezequiel;15/06/1984;F;20/07/2020;ADULTO;22/09/2022;A;BASIC;
93700934;30937009349;Pellati, Lucia;19/06/1969;O;10/05/1997;ADULTO;14/11/2003;A;FAMILY;
59976382;27599763827;Gomez, Pedro;16/06/1981;F;13/12/2020;ADULTO;25/08/2024;A;BASIC;
23120626;23231206264;Mendoza, Jorge;14/06/1991;F;25/06/2008;ADULTO;17/02/2014;A;FAMILY;
86337972;27863379720;Pellati, Antonella;18/06/1972;F;30/11/1972;ADULTO;05/06/2000;A;FAMILY;
500000;20024981143;Gomez, Ana;15/06/1984;M;19/11/1991;ADULTO;08/01/2026;A;FAMILY;
96272081;30962720818;Scordia, Lucia;13/06/1995;O;14/08/2009;ADULTO;18/10/2019;A;PREMIUM;
56041621;27560416216;Scordia, Nahuel;14/06/1988;F;06/03/1988;ADULTO;14/12/2016;A;FAMILY;
72133661;30721336619;Perez, Pedro;16/06/1982;O;05/04/1992;ADULTO;06/12/2006;A;BASIC;
500000;30775418458;Scordia, Nahuel;17/06/1979;O;16/08/1997;ADULTO;01/07/2000;A;FAMILY;
86872036;30868720367;Perez, Pedro;08/06/2014;O;28/02/2014;MENOR;22/12/2022;A;BASIC;tutor_86872036@gmail.com
72845897;30728458972;Lopez, Ana;15/06/1986;O;07/03/1986;ADULTO;19/06/2012;A;FAMILY;
71351292;20713512924;Scordia, Cristina;15/06/1984;M;08/01/1985;ADULTO;18/12/1996;A;BASIC;
43614120;304361412010;Falce, Maria;10/06/2006;O;31/07/2018;ADULTO;06/06/2023;A;BASIC;
17144300;20171443009;Scordia, Juan;10/06/2004;M;09/09/2020;ADULTO;09/09/2021;A;PREMIUM;
38625967;30386259670;Lopez, Ana;13/06/1994;O;20/01/2025;ADULTO;27/08/2025;A;FAMILY;
500000;27679397538;Perez, Nahuel;15/06/1987;F;13/12/1988;ADULTO;18/07/2013;A;FAMILY;
58586473;20585864731;Falce, Nahuel;17/06/1979;M;27/06/1991;ADULTO;13/11/2013;A;VIP;
41200683;30412006832;Falce, Ana;10/06/2006;O;03/08/2014;ADULTO;30/04/2022;A;VIP;
9087724;30090877247;Pellati, Juan;16/06/1982;O;18/03/2010;ADULTO;24/06/2013;A;FAMILY;
94145709;20941457097;Pellati, Maria;13/06/1994;M;15/09/2000;ADULTO;01/08/2009;A;FAMILY;
39813164;30398131645;Mansour, Antonella;14/06/1988;O;07/12/2007;ADULTO;09/12/2020;A;FAMILY;
35309969;27353099693;Mansour, Ana;13/06/1994;F;28/04/2015;ADULTO;12/05/2017;A;BASIC;
6899564;27068995642;Mendoza, Pedro;12/06/1996;F;14/12/2013;ADULTO;23/03/2020;A;VIP;
150000000;27655450314;Mansour, Maria;17/06/1977;F;07/10/1988;ADULTO;07/07/2011;A;VIP;
53738860;23537388609;Pellati, Juan;20/06/1966;M;20/03/1980;ADULTO;01/05/2006;A;FAMILY;
34798918;30347989189;Perez, Cristina;18/06/1974;O;09/09/1996;ADULTO;25/08/2009;A;FAMILY;
62161504;20621615042;Mansour, Pedro;13/06/1992;M;04/06/2023;ADULTO;25/02/2024;A;VIP;
88465167;20884651679;Perez, Pedro;09/06/2010;M;13/06/2015;MENOR;10/06/2019;A;BASIC;tutor_88465167@gmail.com
3299044;30032990440;Lopez, Pedro;18/06/1975;O;18/06/1988;ADULTO;08/12/2002;A;PREMIUM;
86835540;30868355405;Lopez, Juan;13/06/1993;O;22/01/2003;ADULTO;03/02/2018;A;BASIC;
23504356;23235043564;Pellati, Jorge;09/06/2010;F;08/10/2011;MENOR;13/01/2014;A;FAMILY;tutor_23504356@gmail.com
77445932;20774459325;Mansour, Ezequiel;19/06/1971;M;13/06/2010;ADULTO;28/08/2012;A;FAMILY;
47307619;20473076196;Falce, Nahuel;10/06/2005;M;22/05/2015;ADULTO;29/08/2023;A;VIP;
43437090;27434370901;Gomez, Jorge;13/06/1995;F;23/04/2012;ADULTO;17/01/2024;A;PREMIUM;
86400727;27864007279;Lopez, Ana;11/06/2003;F;30/09/2004;ADULTO;29/12/2010;A;PREMIUM;
16774189;23167741899;Mansour, Nahuel;12/06/1999;F;02/08/2008;ADULTO;03/11/2016;A;BASIC;
150000000;30194798276;Gomez, Antonella;13/06/1993;O;23/05/1998;ADULTO;13/11/1999;A;PREMIUM;
50793580;30507935806;Perez, Ana;13/06/1994;O;13/12/2000;ADULTO;17/02/2001;A;FAMILY;
99820815;30998208153;Scordia, Maria;10/06/2005;O;02/03/2005;ADULTO;04/12/2022;A;VIP;
19835027;301983502710;Mendoza, Juan;11/06/2002;O;28/01/2011;ADULTO;29/04/2016;A;VIP;
10500194;27105001946;Lopez, Antonella;19/06/1970;F;31/07/1987;ADULTO;06/10/2009;A;BASIC;
66012575;27660125758;Falce, Pedro;11/06/2003;F;10/02/2015;ADULTO;06/03/2016;A;FAMILY;
98397946;30983979463;Mendoza, Lucia;19/06/1968;O;05/04/2023;ADULTO;19/04/2025;A;VIP;
17571929;30175719292;scordia jorge;13/06/1994;O;14/05/2004;ADULTO;19/12/2020;A;VIP;
69111556;27691115564;Pellati, Ana;13/06/1992;F;24/01/1999;ADULTO;27/12/2011;A;BASIC;
69742087;27697420873;mansour nahuel;19/06/1969;F;22/01/1971;ADULTO;14/09/2005;A;BASIC;
47188459;27471884591;Lopez, Jorge;11/06/2000;F;01/05/2023;ADULTO;02/08/2025;A;BASIC;
17270366;20172703667;Falce, Ezequiel;14/06/1991;M;13/04/2008;ADULTO;17/02/2024;A;PREMIUM;
24730159;20247301594;lopez juan;11/06/2001;M;23/11/2010;ADULTO;25/08/2019;A;PREMIUM;
64190581;27641905815;Falce, Pedro;11/06/2002;F;28/09/2008;ADULTO;13/08/2015;A;PREMIUM;
93483501;20934835019;lopez jorge;10/06/2005;M;13/03/2026;ADULTO;11/05/2026;A;BASIC;
91468065;23914680654;Scordia, Cristina;16/06/1981;F;02/01/2026;ADULTO;10/03/2026;A;FAMILY;
2975394;20029753947;Scordia, Cristina;11/06/2002;M;14/06/2008;ADULTO;13/08/2020;A;VIP;
17774554;30177745541;Perez, Lucia;16/06/1983;O;19/08/1984;ADULTO;16/10/2005;A;VIP;
500000;20532513759;Perez, Antonella;15/06/1986;M;16/11/2020;ADULTO;05/08/2025;A;VIP;
23585440;27235854401;Mendoza, Pedro;07/06/2016;F;28/02/2016;MENOR;06/09/2021;A;PREMIUM;tutor_23585440@gmail.com
97325779;20973257790;Mendoza, Ana;11/06/2000;M;18/10/2003;ADULTO;23/01/2010;A;BASIC;
48308518;30483085180;Falce, Pedro;16/06/1980;O;02/04/2020;ADULTO;16/11/2024;A;BASIC;
78052123;20780521237;gomez ana;11/06/2000;M;09/03/2001;ADULTO;30/05/2012;A;FAMILY;
500000;302305054010;Mendoza, Pedro;19/06/1971;O;13/05/1984;ADULTO;29/08/1998;A;VIP;
52424641;23524246414;Lopez, Nahuel;19/06/1968;F;15/02/2009;ADULTO;26/12/2023;A;VIP;
44732628;30447326287;Mansour, Jorge;19/06/1969;O;27/09/1984;ADULTO;27/07/2019;A;VIP;
37795457;27377954578;Gomez, Pedro;09/06/2009;F;01/03/2009;MENOR;27/12/2019;A;PREMIUM;tutor_37795457@gmail.com
11938347;27119383479;Pellati, Cristina;18/06/1974;F;27/09/1982;ADULTO;10/11/2018;A;PREMIUM;
500000;30183778125;Gomez, Maria;15/06/1984;O;26/02/1987;ADULTO;04/06/2004;A;BASIC;
97001158;30970011583;perez pedro;15/06/1986;O;27/05/2001;ADULTO;12/09/2001;A;VIP;
500000;30645289508;Gomez, Antonella;08/06/2012;O;11/08/2014;MENOR;26/10/2022;A;BASIC;tutor_64528950@gmail.com
51014943;27510149438;Lopez, Pedro;18/06/1972;F;20/10/1986;ADULTO;02/04/1998;A;BASIC;
2538586;27025385867;Perez, Ezequiel;08/06/2014;F;18/01/2023;MENOR;26/01/2026;A;VIP;tutor_2538586@gmail.com
41286988;20412869886;Falce, Nahuel;19/06/1969;M;10/08/2023;ADULTO;07/01/2026;A;FAMILY;
82340192;30823401929;Falce, Maria;19/06/1970;O;18/11/1989;ADULTO;28/08/2009;A;VIP;
72517744;30725177441;Mansour, Maria;10/06/2004;O;21/02/2025;ADULTO;06/11/2025;A;FAMILY;
94341535;20943415359;Lopez, Cristina;19/06/1970;M;22/09/2011;ADULTO;23/03/2015;A;BASIC;
91873245;23918732454;falce cristina;08/06/2015;F;06/11/2024;MENOR;21/05/2026;A;VIP;tutor_91873245@gmail.com
85979229;23859792294;Mendoza, Juan;12/06/1998;F;04/03/1998;ADULTO;27/09/2025;A;VIP;
43676221;27436762211;Pellati, Maria;08/06/2013;F;24/09/2016;MENOR;23/07/2022;A;PREMIUM;tutor_43676221@gmail.com
500000;20989965698;Mansour, Pedro;08/06/2015;M;10/06/2024;MENOR;02/04/2025;A;PREMIUM;tutor_98996569@gmail.com
63315933;20633159339;Gomez, Maria;17/06/1978;M;05/05/2015;ADULTO;01/10/2019;A;PREMIUM;
25997305;20259973059;Mansour, Ezequiel;12/06/1996;M;16/09/2013;ADULTO;12/08/2015;A;VIP;
67925799;20679257995;Perez, Antonella;09/06/2010;M;06/09/2018;MENOR;09/02/2026;A;FAMILY;tutor_67925799@gmail.com
150000000;20416655783;Scordia, Jorge;14/06/1988;M;08/03/2010;ADULTO;07/04/2010;A;PREMIUM;
1877891;30018778919;Pellati, Jorge;12/06/1999;O;25/08/2004;ADULTO;31/12/2025;A;BASIC;
55796757;30557967571;Mansour, Pedro;12/06/1998;O;08/12/2019;ADULTO;22/03/2020;A;VIP;
30412474;30304124748;Gomez, Lucia;08/06/2012;O;26/01/2014;MENOR;02/06/2016;A;FAMILY;tutor_30412474@gmail.com
26814273;30268142734;scordia cristina;18/06/1972;O;14/08/1979;ADULTO;14/05/2022;A;BASIC;
500000;27971857051;Pellati, Maria;13/06/1995;F;21/07/2011;ADULTO;24/09/2024;A;BASIC;
40736144;27407361445;Falce, Juan;18/06/1975;F;20/07/2008;ADULTO;05/04/2013;A;PREMIUM;
150000000;20912458025;Pellati, Lucia;16/06/1980;M;01/08/2007;ADULTO;19/10/2017;A;VIP;
150000000;27830929741;Mansour, Ezequiel;20/06/1967;F;13/11/1991;ADULTO;26/02/2000;A;PREMIUM;
34593953;23345939539;Mendoza, Jorge;09/06/2010;M;01/03/2010;MENOR;15/08/2025;A;PREMIUM;tutor_34593953@gmail.com
91513838;20915138382;scordia nahuel;10/06/2004;M;17/06/2018;ADULTO;29/06/2018;A;PREMIUM;
17041455;27170414557;Mendoza, Ezequiel;12/06/1999;F;10/06/2017;ADULTO;01/02/2024;A;PREMIUM;
16231196;30162311960;falce ana;10/06/2005;O;21/12/2022;ADULTO;21/08/2025;A;VIP;
58975185;20589751850;Falce, Ezequiel;17/06/1977;M;09/03/1977;ADULTO;29/03/2024;A;BASIC;
13848116;27138481161;lopez lucia;17/06/1977;F;26/04/1988;ADULTO;10/02/2015;A;FAMILY;
6561456;30065614568;Gomez, Juan;16/06/1980;O;16/02/1988;ADULTO;17/11/1999;A;VIP;
9714127;30097141270;Lopez, Antonella;19/06/1971;O;19/09/1973;ADULTO;13/09/1988;A;VIP;
500000;30227166017;Mansour, Juan;14/06/1988;O;22/08/1990;ADULTO;21/04/2024;A;PREMIUM;
39523961;30395239615;Pellati, Jorge;11/06/2002;O;15/11/2013;ADULTO;09/07/2020;A;VIP;
150000000;30058894423;Mendoza, Juan;08/06/2012;O;08/12/2019;MENOR;24/07/2025;A;BASIC;tutor_5889442@gmail.com
500000;30578016321;Perez, Pedro;16/06/1980;O;10/05/2012;ADULTO;18/08/2022;A;VIP;
92196830;20921968303;Scordia, Ezequiel;16/06/1982;M;08/03/1982;ADULTO;18/10/1994;A;FAMILY;
71480672;30714806722;Perez, Pedro;09/06/2011;O;23/07/2011;MENOR;03/11/2023;A;PREMIUM;tutor_71480672@gmail.com
23597370;30235973703;Lopez, Ezequiel;10/06/2004;O;23/05/2026;ADULTO;27/05/2026;A;BASIC;
90466792;30904667923;Perez, Ana;08/06/2013;O;30/03/2017;MENOR;02/12/2025;A;PREMIUM;tutor_90466792@gmail.com
29365463;27293654633;Scordia, Jorge;08/06/2014;F;28/02/2014;MENOR;01/12/2022;A;PREMIUM;tutor_29365463@gmail.com
24764692;30247646929;mansour ana;17/06/1978;O;02/08/1979;ADULTO;09/06/2009;A;BASIC;
70985006;30709850063;Lopez, Cristina;19/06/1969;O;13/02/2000;ADULTO;31/01/2002;A;BASIC;
46718727;27467187274;Gomez, Maria;18/06/1974;F;27/06/1987;ADULTO;01/01/2009;A;VIP;
70960354;30709603546;Scordia, Lucia;15/06/1987;O;09/03/2014;ADULTO;10/08/2017;A;BASIC;
40246257;20402462575;Gomez, Ana;07/06/2016;M;12/06/2016;MENOR;19/08/2024;A;FAMILY;tutor_40246257@gmail.com
47749914;30477499143;gomez pedro;19/06/1970;O;27/04/2011;ADULTO;20/01/2020;A;FAMILY;
94118671;20941186719;Mansour, Cristina;18/06/1973;M;11/11/2018;ADULTO;28/10/2022;A;VIP;
12236068;20122360688;Scordia, Jorge;18/06/1975;M;09/10/1984;ADULTO;09/08/2008;A;FAMILY;
66729312;20667293120;Gomez, Juan;12/06/1998;M;04/03/1998;ADULTO;11/07/2021;A;BASIC;
62849723;27628497236;Falce, Ana;15/06/1987;F;28/02/1999;ADULTO;29/03/2011;A;FAMILY;
2739436;20027394362;Lopez, Jorge;13/06/1992;M;17/08/1997;ADULTO;26/01/2025;A;FAMILY;
7141181;27071411813;Gomez, Juan;08/06/2014;F;25/03/2022;MENOR;15/04/2025;A;FAMILY;tutor_7141181@gmail.com
20952060;27209520600;Perez, Pedro;13/06/1995;F;26/01/2004;ADULTO;06/06/2011;A;BASIC;
79897883;20798978838;Scordia, Juan;07/06/2016;M;27/01/2019;MENOR;08/11/2022;A;VIP;
55046479;27550464794;Mansour, Maria;16/06/1980;F;09/10/1983;ADULTO;02/07/1992;A;VIP;
30744699;20307446996;Lopez, Nahuel;09/06/2011;M;01/03/2011;MENOR;16/10/2020;A;PREMIUM;tutor_30744699@gmail.com
150000000;27809542896;Pellati, Cristina;10/06/2006;F;24/05/2018;ADULTO;17/02/2021;A;VIP;
53928412;20539284127;Lopez, Cristina;10/06/2004;M;17/01/2025;ADULTO;01/01/2026;A;FAMILY;
150000000;20664669006;Scordia, Juan;10/06/2005;M;19/09/2013;ADULTO;20/05/2020;A;BASIC;
500000;30938711689;Pellati, Maria;19/06/1969;O;08/10/1983;ADULTO;12/10/2004;A;BASIC;
98830567;30988305673;Mansour, Lucia;09/06/2010;O;08/02/2025;MENOR;08/06/2025;A;VIP;tutor_98830567@gmail.com
98214731;27982147319;Mendoza, Lucia;14/06/1989;F;20/01/1999;ADULTO;09/12/2019;A;VIP;
97152783;27971527833;Perez, Antonella;14/06/1991;F;17/10/2012;ADULTO;24/10/2025;A;BASIC;
39094082;303909408210;Scordia, Cristina;15/06/1987;O;13/06/2013;ADULTO;12/12/2020;A;PREMIUM;
81567177;30815671771;Falce, Cristina;10/06/2006;O;18/08/2021;ADULTO;01/04/2022;A;BASIC;
63974825;30639748258;Gomez, Nahuel;08/06/2012;O;28/06/2020;MENOR;30/10/2022;A;VIP;tutor_63974825@gmail.com
95004072;27950040721;perez ana;10/06/2005;F;22/05/2015;ADULTO;14/04/2016;A;PREMIUM;
500000;30380826085;Perez, Lucia;16/06/1983;O;23/03/1996;ADULTO;30/08/2018;A;PREMIUM;
86162457;23861624579;Pellati, Nahuel;08/06/2015;M;23/01/2025;MENOR;04/05/2025;A;BASIC;
96267849;20962678492;Scordia, Nahuel;10/06/2006;M;24/04/2014;ADULTO;26/04/2020;A;VIP;
87826590;30878265900;Mansour, Jorge;17/06/1976;O;11/01/2021;ADULTO;13/05/2021;A;FAMILY;
30785760;20307857600;Mendoza, Lucia;09/06/2009;M;01/03/2009;MENOR;07/05/2014;A;PREMIUM;tutor_30785760@gmail.com
85602918;27856029188;gomez lucia;12/06/1999;F;02/04/2010;ADULTO;15/12/2023;A;PREMIUM;
38835693;20388356937;Lopez, Nahuel;15/06/1985;M;04/01/2002;ADULTO;30/11/2013;A;PREMIUM;
60851511;23608515119;mendoza nahuel;13/06/1994;M;06/10/1996;ADULTO;07/05/2024;A;PREMIUM;
38079338;20380793389;Gomez, Antonella;11/06/2001;M;25/09/2025;ADULTO;18/04/2026;A;FAMILY;
43281636;27432816368;Perez, Juan;10/06/2007;F;11/01/2019;ADULTO;01/02/2024;A;FAMILY;
14072863;30140728639;Perez, Antonella;16/06/1982;O;08/07/2020;ADULTO;16/08/2022;A;PREMIUM;
95126638;20951266389;Mendoza, Antonella;07/06/2016;M;22/12/2023;MENOR;24/06/2025;A;BASIC;
11475008;20114750089;Mendoza, Jorge;18/06/1973;M;02/11/1981;ADULTO;26/11/2006;A;VIP;
54418186;30544181862;Falce, Maria;09/06/2009;O;08/11/2009;MENOR;31/03/2010;A;FAMILY;tutor_54418186@gmail.com
500000;20430984137;Pellati, Maria;15/06/1987;M;16/11/2022;ADULTO;09/04/2024;A;VIP;
150000000;20577713325;Falce, Nahuel;11/06/2001;M;29/06/2006;ADULTO;02/04/2013;A;BASIC;
79088618;30790886182;Perez, Ana;08/06/2013;O;26/06/2019;MENOR;16/11/2022;A;VIP;tutor_79088618@gmail.com
93982406;20939824066;Mansour, Pedro;10/06/2006;M;11/04/2012;ADULTO;30/10/2012;A;BASIC;
500000;20788346329;Falce, Cristina;17/06/1976;M;01/03/2002;ADULTO;06/09/2024;A;PREMIUM;
44441579;20444415798;mansour nahuel;09/06/2011;M;13/05/2016;MENOR;06/08/2020;A;FAMILY;tutor_44441579@gmail.com
52022867;27520228670;Falce, Maria;17/06/1978;F;26/08/1983;ADULTO;01/11/2003;A;BASIC;
61053412;20610534121;Perez, Maria;15/06/1986;M;09/06/2005;ADULTO;11/01/2014;A;PREMIUM;
57146961;30571469614;Mansour, Jorge;16/06/1983;O;09/11/2024;ADULTO;25/08/2025;A;VIP;
70056817;30700568179;Perez, Antonella;20/06/1966;O;05/11/1977;ADULTO;07/02/1998;A;PREMIUM;
90242080;20902420801;Perez, Lucia;08/06/2013;M;28/02/2013;MENOR;31/01/2026;A;FAMILY;tutor_90242080@gmail.com
77266124;27772661245;Pellati, Juan;13/06/1992;F;26/11/2011;ADULTO;23/08/2013;A;BASIC;
67169790;27671697907;Pellati, Antonella;14/06/1990;F;31/12/1990;ADULTO;10/06/1999;A;VIP;
72044795;30720447955;Pellati, Nahuel;16/06/1982;O;12/01/1990;ADULTO;06/12/2012;A;VIP;
38664464;27386644646;Falce, Jorge;16/06/1982;F;19/10/2014;ADULTO;30/01/2019;A;BASIC;
76780447;23767804474;Perez, Nahuel;16/06/1983;F;13/05/1988;ADULTO;17/11/2005;A;FAMILY;
73358465;20733584654;Pellati, Antonella;09/06/2009;M;01/03/2009;MENOR;03/05/2025;A;FAMILY;tutor_73358465@gmail.com
38468607;23384686079;Perez, Lucia;14/06/1990;M;20/03/2022;ADULTO;11/02/2025;A;PREMIUM;
53320616;27533206161;Mansour, Lucia;19/06/1969;F;14/10/1976;ADULTO;06/09/1979;A;VIP;
35798414;23357984149;Lopez, Ana;15/06/1986;M;24/09/2003;ADULTO;20/02/2024;A;PREMIUM;
43496064;30434960645;Mansour, Lucia;17/06/1976;O;22/11/1989;ADULTO;09/07/2011;A;VIP;
34077513;30340775135;Mansour, Jorge;18/06/1974;O;16/05/2001;ADULTO;16/12/2018;A;BASIC;
55746738;20557467387;Mansour, Jorge;20/06/1967;M;05/02/1984;ADULTO;20/11/2023;A;FAMILY;
79407588;27794075889;falce juan;20/06/1967;F;12/07/1988;ADULTO;19/03/2001;A;VIP;
30115089;30301150896;gomez nahuel;14/06/1989;O;24/06/1992;ADULTO;30/10/2023;A;PREMIUM;
73113726;30731137265;Falce, Cristina;11/06/2003;O;14/04/2019;ADULTO;13/04/2025;A;VIP;
94273122;30942731228;mendoza cristina;19/06/1969;O;19/08/1982;ADULTO;30/01/2009;A;BASIC;
83347780;308334778010;Gomez, Maria;18/06/1972;O;19/12/1984;ADULTO;22/11/2012;A;VIP;
62357589;27623575891;Perez, Pedro;20/06/1966;F;17/11/1999;ADULTO;30/07/2013;A;VIP;
63924294;20639242944;Perez, Juan;09/06/2008;M;15/08/2014;ADULTO;25/12/2025;A;PREMIUM;
52956996;27529569969;Mendoza, Nahuel;18/06/1974;F;30/01/2020;ADULTO;03/05/2022;A;BASIC;
9411006;30094110064;Falce, Cristina;16/06/1980;O;08/03/1980;ADULTO;03/06/2026;A;FAMILY;
150000000;30317034098;Scordia, Juan;12/06/1996;O;24/03/2000;ADULTO;25/11/2007;A;PREMIUM;
88963683;20889636832;Mendoza, Lucia;18/06/1975;M;10/03/1975;ADULTO;08/06/2016;A;BASIC;
8147042;27081470427;Scordia, Jorge;19/06/1971;F;12/07/2021;ADULTO;10/03/2024;A;BASIC;
19130975;27191309753;Falce, Jorge;13/06/1994;F;05/03/1994;ADULTO;19/11/2009;A;PREMIUM;
98799699;30987996990;Mendoza, Cristina;18/06/1973;O;10/03/1973;ADULTO;23/04/2021;A;PREMIUM;
96935028;27969350289;Mendoza, Maria;09/06/2009;F;04/03/2017;MENOR;17/09/2024;A;PREMIUM;tutor_96935028@gmail.com
63111337;20631113371;Scordia, Nahuel;17/06/1979;M;11/02/2015;ADULTO;11/08/2018;A;VIP;
74674646;27746746461;Gomez, Ezequiel;10/06/2005;F;08/11/2006;ADULTO;25/11/2014;A;VIP;
91252230;27912522305;Perez, Jorge;12/06/1997;F;08/06/2016;ADULTO;01/11/2020;A;FAMILY;
10711351;20107113518;Lopez, Juan;14/06/1988;M;06/01/2017;ADULTO;24/08/2022;A;PREMIUM;
53417555;27534175553;Lopez, Cristina;17/06/1978;F;18/05/2003;ADULTO;19/04/2014;A;BASIC;
54884223;23548842239;Lopez, Pedro;13/06/1995;M;21/02/2024;ADULTO;03/01/2025;A;BASIC;
500000;20047503184;Scordia, Cristina;16/06/1983;M;09/12/2016;ADULTO;09/04/2024;A;FAMILY;
60474960;20604749609;Mansour, Lucia;17/06/1978;M;01/07/1979;ADULTO;18/05/1984;A;BASIC;
87850092;30878500929;Mansour, Antonella;19/06/1970;O;04/05/2022;ADULTO;23/07/2025;A;VIP;
500000;27757210385;Gomez, Cristina;07/06/2016;F;06/08/2021;MENOR;10/02/2022;A;FAMILY;tutor_75721038@gmail.com
43240957;27432409576;Pellati, Ezequiel;15/06/1986;F;13/04/2009;ADULTO;03/12/2009;A;BASIC;
67155081;30671550818;Pellati, Antonella;10/06/2004;O;10/02/2024;ADULTO;13/05/2026;A;FAMILY;
34641439;27346414397;perez maria;15/06/1985;F;07/05/2015;ADULTO;06/09/2019;A;VIP;
83552692;20835526926;Mansour, Ana;18/06/1973;M;09/04/1975;ADULTO;14/07/1999;A;PREMIUM;
27635840;20276358406;Falce, Ezequiel;09/06/2011;M;11/07/2023;MENOR;09/08/2024;A;BASIC;tutor_27635840@gmail.com
41143742;20411437427;Perez, Pedro;08/06/2013;M;03/03/2014;MENOR;24/07/2019;A;BASIC;tutor_41143742@gmail.com
72468122;30724681227;scordia cristina;08/06/2012;O;25/02/2024;MENOR;30/04/2026;A;FAMILY;tutor_72468122@gmail.com
33410070;27334100702;Falce, Ana;15/06/1985;F;22/03/2002;ADULTO;11/04/2003;A;VIP;
150000000;20203811528;Mendoza, Ezequiel;09/06/2010;M;10/07/2022;MENOR;08/07/2023;A;VIP;tutor_20381152@gmail.com
10557073;30105570739;Gomez, Ana;15/06/1984;O;17/07/2003;ADULTO;23/02/2010;A;FAMILY;
60138247;20601382479;Pellati, Juan;18/06/1975;M;01/06/1990;ADULTO;07/09/2014;A;FAMILY;
18017161;30180171610;Mansour, Jorge;16/06/1980;O;08/03/1980;ADULTO;19/02/2011;A;PREMIUM;
17212941;30172129419;Falce, Jorge;13/06/1992;O;29/05/2001;ADULTO;01/05/2020;A;VIP;
98648643;20986486439;Mendoza, Nahuel;16/06/1983;M;24/07/2006;ADULTO;17/09/2023;A;PREMIUM;
89673748;27896737487;Gomez, Maria;11/06/2000;F;01/12/2009;ADULTO;14/11/2025;A;PREMIUM;
150000000;20401292277;Scordia, Lucia;08/06/2012;M;22/02/2017;MENOR;06/06/2025;A;FAMILY;tutor_40129227@gmail.com
88359911;20883599110;Falce, Juan;18/06/1974;M;23/07/2020;ADULTO;21/03/2026;A;PREMIUM;
92833740;20928337406;lopez ezequiel;14/06/1989;M;08/11/2016;ADULTO;08/01/2019;A;PREMIUM;
12216460;27122164603;Lopez, Lucia;11/06/2002;F;03/03/2002;ADULTO;05/01/2021;A;BASIC;
45014658;30450146583;Falce, Pedro;15/06/1986;O;18/11/2002;ADULTO;17/09/2005;A;PREMIUM;
4066341;20040663410;Falce, Juan;09/06/2009;M;28/12/2012;MENOR;10/02/2023;A;BASIC;tutor_4066341@gmail.com
20698564;30206985646;Gomez, Lucia;12/06/1996;O;03/04/2006;ADULTO;28/01/2016;A;VIP;
50956976;30509569769;Mendoza, Jorge;19/06/1968;O;16/03/1977;ADULTO;25/09/2023;A;VIP;
58691977;30586919772;Mansour, Nahuel;20/06/1967;O;19/04/1969;ADULTO;06/02/2004;A;VIP;
6542972;20065429722;lopez jorge;19/06/1968;M;10/08/2008;ADULTO;09/08/2016;A;VIP;
18261627;27182616279;Mansour, Antonella;19/06/1969;F;27/11/2011;ADULTO;05/12/2011;A;FAMILY;
150000000;20098643711;Mansour, Ana;19/06/1968;M;08/01/2000;ADULTO;26/11/2013;A;FAMILY;
53737356;27537373569;Gomez, Antonella;11/06/2001;F;22/05/2003;ADULTO;14/02/2025;A;PREMIUM;
34199221;23341992214;perez ana;15/06/1984;F;27/09/2011;ADULTO;20/06/2025;A;PREMIUM;
68329091;30683290919;Scordia, Jorge;18/06/1972;O;10/03/1972;ADULTO;27/11/2023;A;BASIC;
45160691;304516069110;Falce, Ana;20/06/1967;O;06/03/1992;ADULTO;10/11/2013;A;PREMIUM;
89227339;20892273392;Gomez, Cristina;18/06/1973;M;23/09/2005;ADULTO;27/07/2020;A;BASIC;
86964276;27869642768;Pellati, Juan;08/06/2012;F;25/09/2021;MENOR;09/03/2025;A;PREMIUM;tutor_86964276@gmail.com
98536795;27985367952;mansour maria;17/06/1979;F;25/03/1984;ADULTO;17/06/2008;A;FAMILY;
500000;20341748470;Mendoza, Cristina;10/06/2006;M;30/12/2016;ADULTO;03/03/2026;A;BASIC;
42350057;27423500579;Scordia, Lucia;19/06/1971;F;23/07/2017;ADULTO;13/02/2024;A;FAMILY;
21447421;30214474219;Falce, Antonella;08/06/2013;O;28/02/2013;MENOR;02/10/2023;A;PREMIUM;tutor_21447421@gmail.com
4674110;30046741109;Lopez, Jorge;20/06/1967;O;11/12/2001;ADULTO;08/04/2016;A;VIP;
51386209;20513862092;Mendoza, Ana;20/06/1966;M;18/05/1970;ADULTO;10/02/1988;A;VIP;
15400188;301540018810;Falce, Cristina;09/06/2009;O;15/11/2013;MENOR;18/06/2025;A;FAMILY;
34942438;20349424380;Mendoza, Lucia;13/06/1992;M;31/08/2024;ADULTO;08/05/2026;A;PREMIUM;
37156207;23371562079;Scordia, Cristina;14/06/1989;M;25/08/2019;ADULTO;16/11/2022;A;BASIC;
78852989;30788529895;Pellati, Nahuel;18/06/1972;O;10/03/1972;ADULTO;29/06/2015;A;VIP;
66388151;27663881510;Lopez, Juan;15/06/1987;F;07/03/1987;ADULTO;19/07/1999;A;PREMIUM;
34936455;20349364559;Perez, Pedro;09/06/2008;M;06/01/2024;ADULTO;27/04/2024;A;VIP;
60312008;20603120087;gomez antonella;13/06/1995;M;10/12/1998;ADULTO;27/05/2003;A;BASIC;
87798536;23877985369;Falce, Cristina;18/06/1973;M;28/03/1978;ADULTO;20/04/2000;A;BASIC;
73320810;20733208105;Perez, Cristina;17/06/1976;M;18/01/1984;ADULTO;10/12/1996;A;VIP;
73142680;27731426800;Mansour, Cristina;11/06/2000;F;20/09/2002;ADULTO;11/07/2025;A;PREMIUM;
44942244;30449422445;falce jorge;11/06/2003;O;16/10/2017;ADULTO;23/11/2020;A;VIP;
37848869;27378488694;Scordia, Ezequiel;10/06/2005;F;26/03/2022;ADULTO;25/07/2024;A;BASIC;
60540183;27605401835;Scordia, Ana;11/06/2000;F;16/12/2010;ADULTO;16/05/2020;A;VIP;
92706527;30927065270;Mendoza, Ezequiel;11/06/2002;O;03/03/2002;ADULTO;18/08/2013;A;VIP;
500000;27160077617;Scordia, Maria;17/06/1977;F;21/03/2022;ADULTO;26/07/2024;A;PREMIUM;
150000000;20042624331;Mansour, Jorge;18/06/1973;M;21/12/1999;ADULTO;20/11/2024;A;VIP;
72022848;307202284810;Mansour, Jorge;14/06/1990;O;14/12/2022;ADULTO;30/12/2025;A;VIP;
66096033;20660960339;Falce, Ezequiel;12/06/1997;M;22/04/2002;ADULTO;01/03/2024;A;BASIC;
50775419;20507754199;Mendoza, Jorge;12/06/1998;M;28/10/2003;ADULTO;25/07/2015;A;PREMIUM;
60433151;20604331519;Lopez, Nahuel;09/06/2009;M;29/05/2011;MENOR;02/07/2024;A;BASIC;tutor_60433151@gmail.com
25143351;27251433513;Lopez, Jorge;16/06/1983;F;04/06/1996;ADULTO;07/11/1997;A;FAMILY;
80068150;20800681503;perez cristina;20/06/1967;M;24/06/1993;ADULTO;14/10/2016;A;BASIC;
43279632;30432796325;Scordia, Juan;09/06/2011;O;19/11/2021;MENOR;29/07/2022;A;VIP;tutor_43279632@gmail.com
30451076;27304510760;Lopez, Cristina;12/06/1997;F;23/09/2006;ADULTO;05/11/2014;A;BASIC;
94895310;30948953109;Mansour, Cristina;15/06/1984;O;25/08/2005;ADULTO;18/05/2024;A;FAMILY;
20265558;30202655587;Scordia, Pedro;08/06/2013;O;28/02/2013;MENOR;26/04/2026;A;PREMIUM;tutor_20265558@gmail.com
8632550;20086325501;Gomez, Pedro;18/06/1972;M;18/08/1989;ADULTO;29/11/2013;A;FAMILY;
500000;30177670061;Gomez, Cristina;10/06/2007;O;01/01/2008;ADULTO;23/11/2008;A;BASIC;
81498139;20814981399;Lopez, Ana;15/06/1986;M;01/06/2025;ADULTO;07/09/2025;A;FAMILY;
78381311;23783813119;Mendoza, Pedro;19/06/1969;F;28/03/2002;ADULTO;30/08/2017;A;VIP;
500000;307763130310;Scordia, Ana;11/06/2002;O;17/05/2015;ADULTO;07/04/2020;A;PREMIUM;
48162190;27481621904;Perez, Jorge;13/06/1994;F;10/08/1995;ADULTO;26/08/2018;A;PREMIUM;
1011256;20010112568;Pellati, Antonella;20/06/1967;M;12/06/2013;ADULTO;11/10/2017;A;FAMILY;
42244691;20422446916;Falce, Juan;16/06/1982;M;29/10/1983;ADULTO;14/12/1996;A;PREMIUM;
73315468;307331546810;Falce, Pedro;18/06/1974;O;17/01/2024;ADULTO;24/08/2025;A;FAMILY;
48919905;30489199056;Mansour, Maria;19/06/1968;O;08/05/1970;ADULTO;02/11/1994;A;PREMIUM;
2830595;27028305953;falce lucia;09/06/2008;F;19/07/2010;ADULTO;06/03/2025;A;FAMILY;
56295544;27562955449;Perez, Ezequiel;08/06/2012;F;15/06/2016;MENOR;13/08/2025;A;BASIC;tutor_56295544@gmail.com
3803162;20038031629;Pellati, Jorge;10/06/2007;M;27/01/2014;ADULTO;19/10/2018;A;PREMIUM;
68111930;30681119309;Lopez, Antonella;08/06/2014;O;28/08/2023;MENOR;08/12/2023;A;BASIC;tutor_68111930@gmail.com
82148814;27821488147;Mansour, Jorge;11/06/2002;F;19/02/2003;ADULTO;26/10/2017;A;BASIC;
150000000;30375195972;Lopez, Cristina;16/06/1980;O;13/12/2006;ADULTO;09/01/2015;A;FAMILY;
45400986;27454009865;Pellati, Jorge;18/06/1972;F;15/02/1981;ADULTO;26/02/1987;A;VIP;
47628927;27476289276;Mansour, Juan;16/06/1983;F;23/04/2020;ADULTO;02/11/2024;A;VIP;
99021423;27990214234;pellati maria;13/06/1993;F;09/09/1995;ADULTO;19/04/2013;A;VIP;
29491194;23294911944;Lopez, Lucia;10/06/2005;F;02/07/2025;ADULTO;09/03/2026;A;VIP;
500000;27025997374;Scordia, Maria;12/06/1999;F;13/07/2018;ADULTO;20/12/2024;A;VIP;
34933158;27349331581;mendoza juan;16/06/1981;F;15/07/2016;ADULTO;17/09/2017;A;BASIC;
72998551;20729985512;Scordia, Nahuel;19/06/1970;M;04/10/1972;ADULTO;26/01/1984;A;PREMIUM;
33872491;27338724913;perez maria;10/06/2007;F;04/10/2023;ADULTO;23/07/2024;A;FAMILY;
69169559;27691695595;Falce, Cristina;14/06/1991;F;02/12/1996;ADULTO;14/02/2017;A;PREMIUM;
43078559;27430785597;Scordia, Maria;07/06/2016;F;27/08/2018;MENOR;18/01/2023;A;VIP;tutor_43078559@gmail.com
8118418;20081184187;mansour lucia;14/06/1990;M;06/01/2012;ADULTO;14/07/2018;A;VIP;
61188725;20611887257;mansour ezequiel;14/06/1990;M;29/04/2013;ADULTO;14/11/2020;A;PREMIUM;
45815472;23458154729;Pellati, Cristina;16/06/1981;F;06/05/2013;ADULTO;12/06/2017;A;BASIC;
92146673;20921466731;Scordia, Ezequiel;19/06/1969;M;25/11/2025;ADULTO;31/12/2025;A;BASIC;
88706893;20887068934;Perez, Pedro;09/06/2011;M;02/05/2014;MENOR;09/08/2016;A;VIP;tutor_88706893@gmail.com
88063192;20880631927;Falce, Maria;15/06/1986;M;07/03/1986;ADULTO;18/01/1999;A;BASIC;
47989438;27479894383;Mendoza, Maria;14/06/1991;F;15/08/2023;ADULTO;21/12/2025;A;VIP;
88153491;27881534911;Falce, Juan;15/06/1984;F;07/03/1984;ADULTO;11/05/2015;A;VIP;
84199645;20841996454;Scordia, Pedro;12/06/1996;M;08/12/2025;ADULTO;21/05/2026;A;FAMILY;
54114600;30541146004;scordia pedro;16/06/1982;O;09/03/1983;ADULTO;13/01/2000;A;VIP;
500000;27444433529;Pellati, Jorge;15/06/1987;F;15/08/2024;ADULTO;20/09/2025;A;BASIC;
23910639;27239106396;Lopez, Ana;08/06/2014;F;29/10/2025;MENOR;26/12/2025;A;VIP;
18058758;27180587581;Gomez, Jorge;20/06/1966;F;08/04/1989;ADULTO;03/06/2012;A;VIP;
150000000;306439691710;Falce, Ezequiel;09/06/2008;O;14/03/2022;ADULTO;25/07/2023;A;BASIC;
24439611;23244396119;Mendoza, Nahuel;10/06/2006;M;28/12/2012;ADULTO;08/04/2023;A;BASIC;
31684947;23316849474;Lopez, Nahuel;10/06/2004;F;02/03/2004;ADULTO;17/06/2020;A;BASIC;
70090549;20700905498;mansour ana;09/06/2009;M;12/06/2024;MENOR;23/02/2026;A;BASIC;tutor_70090549@gmail.com
87498293;20874982939;falce juan;19/06/1968;M;24/12/1974;ADULTO;07/06/1978;A;VIP;
71036677;27710366779;Pellati, Ezequiel;19/06/1971;F;11/03/1982;ADULTO;21/09/2017;A;BASIC;
29782070;30297820709;Perez, Antonella;13/06/1994;O;23/10/2003;ADULTO;24/06/2017;A;VIP;
99913577;27999135779;Scordia, Juan;15/06/1986;F;10/08/1991;ADULTO;04/11/2013;A;FAMILY;
28743404;23287434049;Pellati, Pedro;14/06/1990;M;27/12/1992;ADULTO;01/05/2024;A;FAMILY;
16300026;20163000262;Falce, Maria;11/06/2001;M;26/05/2021;ADULTO;06/10/2025;A;VIP;
150000000;30370018169;Falce, Ezequiel;16/06/1983;O;01/12/1987;ADULTO;24/05/2006;A;BASIC;
98789455;20987894556;Scordia, Lucia;12/06/1997;M;26/07/2018;ADULTO;28/04/2024;A;BASIC;
150000000;20635979578;Pellati, Lucia;11/06/2002;M;17/06/2010;ADULTO;08/10/2022;A;BASIC;
45301769;23453017699;Perez, Maria;17/06/1978;M;31/08/1991;ADULTO;27/08/2007;A;VIP;
56267479;23562674799;Perez, Antonella;20/06/1966;M;28/08/1978;ADULTO;01/01/1993;A;PREMIUM;
36616221;20366162217;Pellati, Lucia;20/06/1967;M;01/06/2006;ADULTO;30/06/2010;A;BASIC;
18970299;30189702999;Pellati, Pedro;14/06/1988;O;07/06/1997;ADULTO;10/01/2008;A;BASIC;
56942108;20569421080;Mansour, Pedro;20/06/1967;M;03/12/1996;ADULTO;28/03/2025;A;BASIC;
88661111;27886611116;Mansour, Maria;14/06/1990;F;06/07/1998;ADULTO;04/01/2002;A;FAMILY;
500000;27056033454;Mendoza, Antonella;11/06/2003;F;11/06/2023;ADULTO;14/07/2024;A;PREMIUM;
38000365;20380003652;Scordia, Ezequiel;12/06/1997;M;10/04/2001;ADULTO;25/01/2010;A;BASIC;
76601414;20766014144;Pellati, Jorge;09/06/2010;M;01/03/2010;MENOR;02/09/2023;A;VIP;tutor_76601414@gmail.com
60136788;30601367889;Lopez, Ezequiel;16/06/1982;O;10/08/2009;ADULTO;01/01/2023;A;BASIC;
20902131;27209021310;Scordia, Ezequiel;10/06/2007;F;07/04/2019;ADULTO;19/01/2021;A;VIP;
16064255;27160642551;Scordia, Ana;09/06/2009;F;01/03/2009;MENOR;27/04/2024;A;BASIC;tutor_16064255@gmail.com
68897592;20688975922;Mendoza, Maria;14/06/1991;M;05/09/2017;ADULTO;22/09/2020;A;VIP;
25137519;30251375190;Mansour, Lucia;13/06/1993;O;21/07/2015;ADULTO;02/02/2023;A;BASIC;
68414291;30684142913;Gomez, Nahuel;20/06/1967;O;18/11/2021;ADULTO;31/01/2026;A;VIP;
19723783;27197237835;Gomez, Lucia;14/06/1990;F;29/12/2020;ADULTO;25/04/2024;A;BASIC;
150000000;23971724099;Mansour, Pedro;13/06/1992;M;22/06/2020;ADULTO;14/09/2023;A;VIP;
85315293;20853152939;Mendoza, Pedro;14/06/1988;M;21/09/2021;ADULTO;25/10/2022;A;FAMILY;
74635258;30746352588;Pellati, Juan;12/06/1996;O;04/03/1996;ADULTO;06/03/2013;A;VIP;
11220667;20112206672;gomez ana;17/06/1976;M;25/03/1981;ADULTO;23/09/1986;A;PREMIUM;
12895580;27128955807;Falce, Cristina;17/06/1978;F;08/09/1982;ADULTO;22/01/1996;A;FAMILY;
67710999;27677109993;Mendoza, Ana;12/06/1999;F;22/02/2023;ADULTO;24/05/2023;A;VIP;
83332142;20833321421;Pellati, Juan;13/06/1993;M;30/01/1994;ADULTO;10/04/2025;A;VIP;
79597793;20795977938;Pellati, Nahuel;18/06/1975;M;12/09/1991;ADULTO;18/04/2018;A;VIP;
61496984;27614969844;Gomez, Antonella;08/06/2015;F;04/08/2017;MENOR;26/10/2022;A;BASIC;tutor_61496984@gmail.com
14831940;20148319406;Gomez, Juan;08/06/2015;M;22/03/2017;MENOR;02/12/2025;A;VIP;tutor_14831940@gmail.com
41173465;30411734656;Mendoza, Pedro;15/06/1986;O;08/12/2006;ADULTO;07/08/2023;A;BASIC;
69395367;27693953672;Lopez, Nahuel;14/06/1991;F;06/03/1991;ADULTO;29/06/2008;A;BASIC;
19632375;30196323755;Lopez, Pedro;10/06/2005;O;19/12/2008;ADULTO;14/02/2020;A;VIP;
73065395;20730653957;Scordia, Jorge;14/06/1991;M;17/11/2012;ADULTO;15/05/2017;A;PREMIUM;
500000;20770279845;Gomez, Lucia;10/06/2007;M;11/04/2015;ADULTO;15/04/2016;A;PREMIUM;
150000000;30198868228;Mansour, Cristina;20/06/1966;O;25/02/2006;ADULTO;31/10/2007;A;BASIC;
55193230;305519323010;Pellati, Juan;19/06/1969;O;04/08/1999;ADULTO;28/08/2006;A;VIP;
28037835;27280378351;Lopez, Nahuel;18/06/1973;F;10/03/1973;ADULTO;16/07/2015;A;FAMILY;
71828408;20718284083;Falce, Ezequiel;09/06/2009;M;15/02/2012;MENOR;01/10/2016;A;BASIC;tutor_71828408@gmail.com
65413225;27654132254;Gomez, Ana;12/06/1997;F;04/03/1997;ADULTO;10/10/2017;A;VIP;
27242620;20272426209;Falce, Pedro;17/06/1978;M;28/09/1989;ADULTO;09/03/2008;A;VIP;
3107937;300310793710;Pellati, Cristina;18/06/1974;O;02/09/1986;ADULTO;01/03/1987;A;BASIC;
77365992;307736599210;Gomez, Lucia;17/06/1976;O;07/04/2004;ADULTO;18/12/2024;A;BASIC;
68775624;30687756246;perez lucia;16/06/1983;O;07/08/1997;ADULTO;15/10/2000;A;VIP;
36452525;27364525252;Falce, Pedro;12/06/1997;F;21/12/2007;ADULTO;12/10/2017;A;PREMIUM;
95626964;30956269640;Lopez, Ezequiel;14/06/1990;O;21/08/2018;ADULTO;23/02/2021;A;FAMILY;
37092058;303709205810;Mansour, Maria;09/06/2011;O;15/02/2015;MENOR;16/12/2016;A;FAMILY;tutor_37092058@gmail.com
32056999;27320569996;Lopez, Pedro;18/06/1972;F;02/07/1981;ADULTO;23/06/2001;A;BASIC;
10550971;27105509710;Perez, Ana;20/06/1967;F;12/03/1967;ADULTO;31/07/2023;A;FAMILY;
68060851;30680608519;Pellati, Ana;13/06/1995;O;14/09/1995;ADULTO;15/09/2003;A;BASIC;
500000;20276168992;Pellati, Pedro;19/06/1968;M;12/08/2013;ADULTO;17/01/2016;A;VIP;
13293435;20132934356;Mendoza, Juan;20/06/1967;M;07/08/1987;ADULTO;16/02/2000;A;VIP;
89749705;30897497057;Pellati, Maria;13/06/1995;O;05/03/1995;ADULTO;02/09/2017;A;FAMILY;
17742849;301774284910;Gomez, Antonella;18/06/1974;O;04/11/2010;ADULTO;27/12/2010;A;FAMILY;
71841754;27718417541;Gomez, Ezequiel;14/06/1990;F;21/09/2012;ADULTO;14/03/2018;A;FAMILY;
66755886;20667558868;Perez, Pedro;17/06/1979;M;11/09/1994;ADULTO;15/06/1999;A;FAMILY;
15784829;27157848297;Lopez, Pedro;17/06/1978;F;14/04/1985;ADULTO;29/06/2002;A;BASIC;
1317948;30013179480;Pellati, Maria;19/06/1968;O;14/03/2000;ADULTO;05/08/2005;A;PREMIUM;
500000;27906877223;Lopez, Pedro;10/06/2006;F;20/06/2014;ADULTO;01/11/2015;A;FAMILY;
24861649;27248616496;Falce, Ezequiel;16/06/1980;F;08/03/1980;ADULTO;29/05/2019;A;PREMIUM;
61592903;23615929034;Falce, Pedro;20/06/1966;F;28/11/2018;ADULTO;30/04/2019;A;BASIC;
19119596;20191195966;pellati cristina;19/06/1969;M;11/12/1974;ADULTO;25/12/1996;A;PREMIUM;
61641583;27616415838;Mendoza, Antonella;13/06/1993;F;23/12/2011;ADULTO;16/01/2020;A;VIP;
58769006;20587690064;Lopez, Ana;11/06/2000;M;03/03/2000;ADULTO;11/07/2019;A;VIP;
2091430;27020914306;Lopez, Juan;12/06/1996;F;07/10/2016;ADULTO;08/03/2022;A;FAMILY;
500000;27560242315;Gomez, Antonella;13/06/1994;F;28/12/1994;ADULTO;03/07/2001;A;BASIC;
42032032;30420320325;Gomez, Nahuel;13/06/1992;O;05/12/1998;ADULTO;01/07/2016;A;VIP;
37484384;20374843843;Scordia, Lucia;13/06/1994;M;14/03/1998;ADULTO;19/09/2024;A;FAMILY;
31738101;27317381013;Mendoza, Nahuel;09/06/2008;F;27/03/2009;ADULTO;25/05/2015;A;FAMILY;
83411154;27834111549;Gomez, Nahuel;15/06/1985;F;13/09/2002;ADULTO;16/09/2018;A;PREMIUM;
28687872;27286878720;mendoza ezequiel;12/06/1999;F;27/10/2001;ADULTO;12/11/2008;A;PREMIUM;
84325772;20843257721;Lopez, Antonella;19/06/1969;M;19/06/1970;ADULTO;21/10/1986;A;PREMIUM;
150000000;20441664371;Pellati, Cristina;14/06/1990;M;28/07/1990;ADULTO;05/05/1993;A;PREMIUM;
76416359;30764163598;Pellati, Cristina;15/06/1984;O;12/03/2010;ADULTO;23/10/2016;A;FAMILY;
58973569;30589735699;Mansour, Ana;08/06/2013;O;23/08/2013;MENOR;16/01/2023;A;VIP;tutor_58973569@gmail.com
150000000;30839240054;Mansour, Ana;13/06/1992;O;18/05/2022;ADULTO;07/08/2024;A;VIP;
58761206;30587612069;Mansour, Antonella;12/06/1999;O;12/02/2025;ADULTO;27/04/2026;A;VIP;
47404931;20474049311;Mendoza, Ana;19/06/1971;M;12/07/1992;ADULTO;07/12/2010;A;BASIC;
42057566;30420575669;Gomez, Juan;18/06/1973;O;24/12/2006;ADULTO;27/07/2022;A;BASIC;
92226308;27922263081;Mendoza, Pedro;13/06/1992;F;05/03/1992;ADULTO;24/12/2006;A;VIP;
60962696;27609626963;Pellati, Pedro;10/06/2006;F;07/08/2006;ADULTO;06/10/2012;A;FAMILY;
1814227;23018142279;Mendoza, Juan;19/06/1971;M;11/03/1971;ADULTO;11/04/2010;A;VIP;
82246459;30822464595;Lopez, Maria;10/06/2005;O;17/02/2020;ADULTO;27/10/2025;A;PREMIUM;
66651538;27666515388;Perez, Ana;10/06/2006;F;02/03/2006;ADULTO;12/09/2023;A;BASIC;
40555363;30405553631;Perez, Antonella;17/06/1977;O;03/11/1982;ADULTO;17/10/1984;A;FAMILY;
84981458;20849814584;lopez juan;14/06/1988;M;27/11/2019;ADULTO;03/05/2023;A;BASIC;
15791295;30157912956;Lopez, Juan;09/06/2009;O;17/04/2012;MENOR;13/09/2015;A;VIP;tutor_15791295@gmail.com
37111353;20371113534;Gomez, Ezequiel;12/06/1999;M;14/05/2019;ADULTO;14/06/2024;A;FAMILY;
5934227;30059342270;Lopez, Ana;14/06/1989;O;05/04/1995;ADULTO;20/03/2024;A;BASIC;
77700056;20777000560;Mansour, Jorge;09/06/2009;M;07/01/2012;MENOR;19/11/2018;A;PREMIUM;tutor_77700056@gmail.com
56730013;30567300133;Mansour, Cristina;17/06/1977;O;28/11/1995;ADULTO;24/03/1998;A;PREMIUM;
150000000;30868658092;Lopez, Pedro;08/06/2012;O;25/03/2021;MENOR;11/11/2024;A;PREMIUM;tutor_86865809@gmail.com
57840570;20578405705;Pellati, Cristina;10/06/2004;M;13/06/2015;ADULTO;12/10/2023;A;BASIC;
51330440;23513304404;lopez ezequiel;16/06/1981;F;24/05/2002;ADULTO;08/03/2015;A;FAMILY;
16494131;30164941317;Scordia, Maria;19/06/1970;O;25/08/2019;ADULTO;05/10/2021;A;FAMILY;
16162873;30161628731;Mansour, Jorge;16/06/1980;O;17/05/2023;ADULTO;08/05/2026;A;BASIC;
150000000;27223028948;Falce, Jorge;08/06/2015;F;17/08/2019;MENOR;17/10/2019;A;PREMIUM;tutor_22302894@gmail.com
75946752;20759467524;Lopez, Maria;10/06/2006;M;05/01/2010;ADULTO;05/04/2016;A;FAMILY;
18939829;20189398299;Mendoza, Ana;09/06/2009;M;24/09/2013;MENOR;23/05/2022;A;BASIC;tutor_18939829@gmail.com
28615719;20286157190;Perez, Lucia;12/06/1999;M;03/01/2000;ADULTO;06/01/2003;A;FAMILY;
12225484;20122254845;Scordia, Antonella;09/06/2011;M;27/04/2019;MENOR;27/08/2024;A;FAMILY;tutor_12225484@gmail.com
3760281;20037602819;Pellati, Antonella;14/06/1989;M;18/03/2018;ADULTO;08/12/2020;A;BASIC;
74841561;27748415616;Perez, Nahuel;08/06/2013;F;07/11/2013;MENOR;27/02/2014;A;BASIC;tutor_74841561@gmail.com
68232425;20682324259;Falce, Jorge;13/06/1995;M;24/09/2013;ADULTO;21/02/2018;A;PREMIUM;
42033518;27420335186;Perez, Cristina;16/06/1982;F;18/08/2009;ADULTO;10/09/2021;A;PREMIUM;
97009209;27970092094;Pellati, Nahuel;19/06/1970;F;09/03/1980;ADULTO;02/11/2024;A;PREMIUM;
150000000;20127038660;Lopez, Ana;10/06/2006;M;01/03/2010;ADULTO;16/06/2014;A;FAMILY;
48970086;30489700863;Gomez, Ana;19/06/1968;O;24/09/2008;ADULTO;09/02/2019;A;BASIC;
71362172;20713621729;Mansour, Ana;16/06/1981;M;15/10/1987;ADULTO;16/09/1995;A;FAMILY;
39538991;20395389919;Mansour, Cristina;10/06/2005;M;29/04/2020;ADULTO;15/03/2022;A;PREMIUM;
25693892;27256938923;Lopez, Lucia;09/06/2008;F;30/07/2010;ADULTO;28/10/2021;A;BASIC;
11146458;27111464583;Falce, Cristina;14/06/1991;F;09/07/2008;ADULTO;03/09/2017;A;VIP;
82714853;23827148539;Pellati, Ezequiel;09/06/2008;M;04/04/2009;ADULTO;06/04/2012;A;BASIC;
40072397;20400723975;Lopez, Ana;12/06/1997;M;28/12/2019;ADULTO;03/09/2023;A;FAMILY;
99292664;27992926649;Pellati, Jorge;15/06/1985;F;31/01/1999;ADULTO;02/05/2008;A;PREMIUM;
56912216;305691221610;Perez, Pedro;18/06/1972;O;21/08/1979;ADULTO;07/04/2004;A;VIP;
70832020;20708320200;Mansour, Nahuel;14/06/1990;M;19/05/2014;ADULTO;12/03/2021;A;VIP;
95110278;23951102784;Perez, Ezequiel;16/06/1982;F;12/02/1995;ADULTO;01/11/1997;A;FAMILY;
90885363;27908853631;Mendoza, Ana;13/06/1992;F;15/07/2004;ADULTO;06/11/2005;A;BASIC;
17696041;30176960419;Mansour, Antonella;11/06/2000;O;02/09/2015;ADULTO;03/05/2019;A;VIP;
150000000;27502925534;Scordia, Lucia;14/06/1990;F;30/03/2013;ADULTO;20/03/2024;A;VIP;
6588373;20065883733;Scordia, Ana;18/06/1973;M;29/11/1991;ADULTO;02/05/2006;A;PREMIUM;
52010643;20520106430;Falce, Cristina;17/06/1979;M;27/04/2014;ADULTO;14/09/2014;A;VIP;
8490593;20084905939;Mansour, Maria;18/06/1973;M;21/04/1985;ADULTO;22/08/2009;A;VIP;
11356608;27113566081;Gomez, Ana;13/06/1993;F;04/12/1993;ADULTO;09/04/2003;A;FAMILY;
82140066;20821400669;Mendoza, Lucia;10/06/2006;M;02/03/2016;ADULTO;11/05/2019;A;BASIC;
81136724;30811367245;Perez, Maria;12/06/1998;O;29/01/2020;ADULTO;16/08/2021;A;PREMIUM;
18893417;27188934175;Mendoza, Lucia;12/06/1998;F;08/08/2017;ADULTO;31/07/2021;A;PREMIUM;
25461485;30254614854;Lopez, Nahuel;09/06/2008;O;01/03/2008;ADULTO;21/05/2019;A;BASIC;
88687816;20886878169;Gomez, Ezequiel;18/06/1972;M;10/03/1972;ADULTO;05/08/2024;A;VIP;
64125957;27641259573;Perez, Ana;12/06/1998;F;04/03/1998;ADULTO;02/11/2009;A;FAMILY;
57809401;20578094017;Scordia, Nahuel;17/06/1979;M;09/03/1979;ADULTO;14/01/2026;A;FAMILY;
31519387;27315193879;Mansour, Pedro;15/06/1987;F;08/11/2010;ADULTO;23/06/2019;A;PREMIUM;
81590242;30815902420;Mansour, Ezequiel;10/06/2004;O;02/03/2004;ADULTO;16/05/2019;A;PREMIUM;
29169236;27291692369;Falce, Juan;09/06/2008;F;26/05/2023;ADULTO;15/03/2024;A;BASIC;
9770008;30097700083;Lopez, Pedro;18/06/1974;O;10/03/1974;ADULTO;15/03/2006;A;VIP;
500000;30580547784;Lopez, Cristina;08/06/2015;O;05/04/2022;MENOR;17/07/2025;A;PREMIUM;tutor_58054778@gmail.com
150000000;27907803339;Scordia, Ezequiel;18/06/1973;F;03/05/2022;ADULTO;14/05/2023;A;VIP;
61268914;27612689143;Mansour, Nahuel;17/06/1977;F;03/09/2017;ADULTO;04/12/2022;A;BASIC;
46241790;27462417905;Gomez, Juan;15/06/1984;F;08/05/2006;ADULTO;10/03/2021;A;VIP;
65283443;30652834430;Mansour, Juan;16/06/1982;O;06/06/2008;ADULTO;28/11/2013;A;VIP;
95284054;27952840547;Scordia, Cristina;16/06/1982;F;21/12/1987;ADULTO;19/10/1999;A;FAMILY;
85975424;23859754244;Mansour, Maria;17/06/1976;F;11/07/1990;ADULTO;27/07/1998;A;FAMILY;
9762504;27097625048;Lopez, Ana;08/06/2012;F;10/12/2018;MENOR;17/11/2025;A;PREMIUM;tutor_9762504@gmail.com
55484987;20554849874;Lopez, Cristina;16/06/1980;M;20/01/1989;ADULTO;19/05/2019;A;FAMILY;
85116857;27851168579;Mansour, Jorge;12/06/1996;F;29/09/2013;ADULTO;24/02/2020;A;FAMILY;
27994990;20279949901;Scordia, Lucia;09/06/2011;M;29/06/2011;MENOR;21/02/2023;A;FAMILY;tutor_27994990@gmail.com
72969939;27729699395;Scordia, Maria;09/06/2011;F;01/03/2011;MENOR;15/05/2019;A;FAMILY;tutor_72969939@gmail.com
94821880;27948218807;Falce, Lucia;15/06/1985;F;22/12/1998;ADULTO;02/07/2014;A;VIP;
8523386;20085233867;Gomez, Cristina;19/06/1968;M;13/12/2006;ADULTO;17/11/2008;A;FAMILY;
65014130;30650141306;Lopez, Antonella;09/06/2011;O;01/03/2011;MENOR;22/04/2025;A;FAMILY;tutor_65014130@gmail.com
69212260;27692122602;Falce, Ana;15/06/1986;F;30/06/2020;ADULTO;09/02/2026;A;FAMILY;
57866263;23578662634;Pellati, Lucia;12/06/1996;F;08/05/2007;ADULTO;05/09/2020;A;VIP;
75321281;27753212812;Mansour, Maria;13/06/1994;F;16/10/2007;ADULTO;22/03/2024;A;VIP;
63070409;27630704095;Gomez, Juan;20/06/1967;F;02/10/2001;ADULTO;28/12/2007;A;VIP;
92668504;27926685045;Falce, Jorge;07/06/2016;F;11/05/2022;MENOR;24/04/2024;A;BASIC;tutor_92668504@gmail.com
95863548;20958635487;Mendoza, Jorge;10/06/2004;M;11/03/2013;ADULTO;28/12/2022;A;VIP;
5063288;27050632889;Pellati, Ana;08/06/2012;F;27/05/2025;MENOR;01/07/2025;A;PREMIUM;tutor_5063288@gmail.com
92163549;20921635495;Mendoza, Ezequiel;19/06/1969;M;11/03/1969;ADULTO;05/08/2014;A;PREMIUM;
56891268;305689126810;Lopez, Cristina;09/06/2008;O;12/09/2011;ADULTO;23/07/2021;A;VIP;
54460842;30544608424;Mansour, Ana;09/06/2009;O;01/03/2009;MENOR;23/07/2022;A;BASIC;tutor_54460842@gmail.com
4042177;27040421772;pellati antonella;17/06/1976;F;30/08/2012;ADULTO;10/10/2016;A;BASIC;
65221080;27652210800;Mendoza, Pedro;08/06/2014;F;28/02/2014;MENOR;04/05/2026;A;FAMILY;tutor_65221080@gmail.com
5484378;30054843789;Mansour, Juan;17/06/1977;O;29/04/2022;ADULTO;24/03/2026;A;FAMILY;
94588181;20945881819;Gomez, Jorge;17/06/1976;M;17/11/2023;ADULTO;16/06/2025;A;VIP;
36342704;27363427044;Falce, Antonella;12/06/1999;F;29/03/2017;ADULTO;17/05/2022;A;PREMIUM;
73075527;23730755279;Scordia, Jorge;08/06/2013;M;14/12/2018;MENOR;14/12/2024;A;VIP;tutor_73075527@gmail.com
92292322;27922923227;Pellati, Jorge;10/06/2006;F;18/01/2010;ADULTO;25/08/2020;A;BASIC;
500000;30529383262;Scordia, Lucia;14/06/1989;O;30/06/1992;ADULTO;25/05/2010;A;BASIC;
27252792;20272527920;Lopez, Juan;14/06/1991;M;08/10/2001;ADULTO;22/07/2016;A;FAMILY;
75018600;23750186009;mansour lucia;18/06/1975;M;02/11/1976;ADULTO;02/02/1998;A;VIP;
81636706;23816367069;Lopez, Ana;18/06/1975;M;29/05/1989;ADULTO;14/05/2006;A;FAMILY;
50629341;305062934110;Lopez, Antonella;14/06/1990;O;19/01/2023;ADULTO;29/09/2025;A;BASIC;
84263354;30842633547;Falce, Ezequiel;16/06/1981;O;12/12/2004;ADULTO;01/10/2006;A;PREMIUM;
24166726;27241667265;Lopez, Jorge;15/06/1984;F;03/08/2016;ADULTO;02/12/2022;A;BASIC;
150000000;30342684242;Falce, Lucia;09/06/2011;O;10/01/2021;MENOR;20/03/2021;A;VIP;tutor_34268424@gmail.com
73504065;20735040651;Falce, Nahuel;11/06/2000;M;03/03/2000;ADULTO;12/09/2025;A;BASIC;
99413996;30994139963;Scordia, Antonella;20/06/1967;O;15/06/1975;ADULTO;27/11/2006;A;FAMILY;
30540269;30305402695;Pellati, Ezequiel;15/06/1986;O;02/06/1990;ADULTO;23/11/2001;A;FAMILY;
16685059;20166850593;Falce, Antonella;14/06/1988;M;06/03/1988;ADULTO;30/11/2025;A;VIP;
150000000;20836589182;Pellati, Jorge;15/06/1985;M;08/03/2003;ADULTO;02/02/2017;A;VIP;
82857203;27828572038;Mansour, Maria;14/06/1988;F;13/04/2023;ADULTO;15/11/2024;A;VIP;
18255297;20182552977;Scordia, Pedro;20/06/1967;M;24/09/2005;ADULTO;16/07/2023;A;FAMILY;
84849078;30848490780;Mendoza, Jorge;19/06/1971;O;11/04/1990;ADULTO;14/08/2011;A;FAMILY;
56064082;30560640826;Gomez, Pedro;18/06/1975;O;31/05/2018;ADULTO;12/09/2025;A;FAMILY;
36112431;20361124317;Gomez, Nahuel;09/06/2010;M;22/08/2013;MENOR;26/04/2021;A;BASIC;tutor_36112431@gmail.com
84832497;20848324974;Pellati, Ana;11/06/2001;M;25/05/2012;ADULTO;13/06/2012;A;FAMILY;
14756458;27147564584;Perez, Maria;11/06/2000;F;03/03/2000;ADULTO;04/02/2016;A;VIP;
32633096;30326330961;mansour lucia;14/06/1988;O;02/07/2024;ADULTO;31/05/2025;A;FAMILY;
15522879;20155228793;Perez, Maria;18/06/1972;M;20/10/1981;ADULTO;12/09/1986;A;VIP;
28915641;27289156416;Mendoza, Cristina;16/06/1980;F;12/01/2011;ADULTO;22/08/2017;A;BASIC;
46149850;20461498508;Perez, Juan;09/06/2010;M;01/12/2017;MENOR;18/06/2025;A;BASIC;tutor_46149850@gmail.com
44538861;27445388616;Lopez, Antonella;18/06/1972;F;27/02/1993;ADULTO;17/08/1996;A;BASIC;
24416822;20244168222;Perez, Ezequiel;09/06/2008;M;29/03/2025;ADULTO;13/07/2025;A;VIP;
47202208;304720220810;Pellati, Ezequiel;16/06/1983;O;08/03/1983;ADULTO;22/09/2007;A;VIP;
85645736;30856457369;Scordia, Juan;13/06/1993;O;02/06/1995;ADULTO;17/04/2024;A;FAMILY;
150000000;23389919519;Lopez, Jorge;14/06/1989;M;10/07/2008;ADULTO;23/03/2011;A;VIP;
32421342;20324213423;Falce, Juan;10/06/2007;M;26/11/2009;ADULTO;09/06/2014;A;VIP;
15067604;20150676046;Gomez, Pedro;13/06/1992;M;13/05/2007;ADULTO;03/02/2020;A;VIP;
8891674;20088916744;Lopez, Antonella;19/06/1970;M;23/06/1972;ADULTO;09/12/2012;A;PREMIUM;
63011123;23630111234;falce nahuel;15/06/1987;F;12/11/2003;ADULTO;01/05/2006;A;PREMIUM;
71655168;20716551688;Mansour, Ezequiel;16/06/1980;M;08/03/1980;ADULTO;21/01/2013;A;PREMIUM;
22581259;20225812595;falce ana;14/06/1988;M;14/11/1990;ADULTO;07/03/1991;A;BASIC;
76058028;27760580282;falce pedro;13/06/1994;F;25/12/2001;ADULTO;21/01/2016;A;BASIC;
2995525;30029955251;Mansour, Antonella;12/06/1998;O;04/03/1998;ADULTO;28/04/2026;A;FAMILY;
18279786;27182797869;Mendoza, Ana;16/06/1983;F;17/08/2002;ADULTO;22/11/2017;A;FAMILY;
500000;309927463410;Lopez, Ana;13/06/1993;O;11/03/2012;ADULTO;14/10/2018;A;PREMIUM;
31643924;20316439242;Falce, Juan;16/06/1983;M;10/01/2010;ADULTO;10/02/2014;A;FAMILY;
44495665;27444956653;lopez antonella;13/06/1993;F;27/06/2006;ADULTO;01/03/2026;A;FAMILY;
28559089;20285590893;Gomez, Maria;17/06/1977;M;27/05/1983;ADULTO;17/01/1992;A;VIP;
48915919;30489159194;Falce, Ezequiel;19/06/1968;O;31/10/1989;ADULTO;04/09/2009;A;VIP;
22743221;27227432212;Mendoza, Jorge;12/06/1997;F;04/03/1997;ADULTO;25/08/2022;A;FAMILY;
150000000;20457492619;Scordia, Maria;10/06/2004;M;05/02/2025;ADULTO;06/03/2025;A;BASIC;
96081474;20960814747;Perez, Maria;12/06/1999;M;30/03/2005;ADULTO;17/08/2025;A;PREMIUM;
28413501;27284135019;Scordia, Ezequiel;20/06/1966;F;01/01/2005;ADULTO;18/11/2010;A;PREMIUM;
83142913;20831429136;Falce, Ezequiel;18/06/1973;M;15/04/1978;ADULTO;06/12/2018;A;BASIC;
49412026;20494120268;Mansour, Cristina;11/06/2000;M;03/05/2017;ADULTO;21/03/2026;A;BASIC;
73774745;27737747455;Mansour, Lucia;13/06/1995;F;27/03/2011;ADULTO;07/09/2015;A;PREMIUM;
30835644;30308356449;Pellati, Maria;20/06/1966;O;12/03/1966;ADULTO;17/10/1996;A;VIP;
150000000;27226374324;Mendoza, Cristina;15/06/1987;F;20/11/2007;ADULTO;17/08/2023;A;VIP;
21760871;20217608717;Lopez, Ana;18/06/1975;M;10/01/2005;ADULTO;28/03/2025;A;BASIC;
6840217;20068402179;Pellati, Ana;16/06/1980;M;20/12/2008;ADULTO;10/06/2011;A;VIP;
49051166;27490511666;Perez, Antonella;13/06/1992;F;25/05/2001;ADULTO;12/03/2015;A;PREMIUM;
150000000;20821460329;Scordia, Nahuel;16/06/1982;M;12/12/1985;ADULTO;26/05/2015;A;BASIC;
43777804;20437778049;Lopez, Lucia;14/06/1991;M;15/09/1993;ADULTO;06/01/2024;A;PREMIUM;
4769979;20047699798;Lopez, Maria;10/06/2006;M;15/05/2009;ADULTO;09/11/2021;A;BASIC;
150000000;20429215421;Perez, Lucia;16/06/1981;M;10/09/2011;ADULTO;17/10/2011;A;VIP;
30981210;20309812108;Mendoza, Antonella;09/06/2008;M;01/12/2012;ADULTO;07/03/2019;A;VIP;
64848945;30648489451;Lopez, Nahuel;19/06/1971;O;22/08/1975;ADULTO;21/06/2007;A;FAMILY;
46189807;20461898077;Mendoza, Cristina;13/06/1995;M;21/01/2002;ADULTO;21/04/2024;A;VIP;
6250741;30062507418;Perez, Maria;11/06/2002;O;08/05/2012;ADULTO;19/01/2022;A;VIP;
67396642;27673966425;Scordia, Nahuel;14/06/1988;F;05/05/1992;ADULTO;17/12/1992;A;BASIC;
1158456;30011584566;Scordia, Nahuel;18/06/1975;O;10/03/1975;ADULTO;26/05/1985;A;BASIC;
36512301;27365123018;scordia lucia;19/06/1971;F;20/12/2023;ADULTO;20/10/2024;A;PREMIUM;
94728776;30947287768;Mendoza, Juan;17/06/1976;O;29/03/2006;ADULTO;23/08/2025;A;VIP;
14624597;20146245979;Lopez, Juan;19/06/1970;M;04/05/2017;ADULTO;04/03/2021;A;VIP;
52719922;30527199229;Falce, Juan;08/06/2015;O;24/12/2025;MENOR;01/04/2026;A;FAMILY;tutor_52719922@gmail.com
99395579;27993955799;Pellati, Ana;20/06/1966;F;02/09/2024;ADULTO;04/12/2025;A;BASIC;
500000;20249784975;Lopez, Ana;10/06/2004;M;21/12/2021;ADULTO;21/05/2022;A;PREMIUM;
51133756;27511337564;Mansour, Ezequiel;19/06/1969;F;19/07/1985;ADULTO;27/09/1987;A;VIP;
23417753;20234177539;Falce, Antonella;07/06/2016;M;02/12/2024;MENOR;13/12/2025;A;FAMILY;tutor_23417753@gmail.com
92007433;30920074339;Pellati, Cristina;19/06/1968;O;25/07/1980;ADULTO;21/02/1986;A;FAMILY;
97914347;27979143473;Falce, Nahuel;19/06/1971;F;06/06/2005;ADULTO;22/11/2021;A;FAMILY;
56844879;27568448796;Lopez, Jorge;13/06/1992;F;20/01/2020;ADULTO;22/11/2023;A;PREMIUM;
50648388;305064838810;Mansour, Jorge;11/06/2002;O;28/05/2003;ADULTO;24/10/2016;A;VIP;
20834272;30208342726;Falce, Ana;14/06/1990;O;13/08/2022;ADULTO;15/11/2023;A;VIP;
25408505;30254085053;Perez, Cristina;15/06/1984;O;22/12/2015;ADULTO;14/07/2023;A;BASIC;
87656431;30876564315;Mansour, Cristina;09/06/2008;O;01/03/2008;ADULTO;19/12/2025;A;VIP;
500000;30632027776;Mansour, Jorge;17/06/1976;O;06/01/2002;ADULTO;05/04/2016;A;BASIC;
500000;30843153735;Perez, Cristina;12/06/1997;O;13/11/2022;ADULTO;20/11/2024;A;VIP;
86830834;27868308341;Mendoza, Antonella;09/06/2011;F;16/11/2023;MENOR;25/11/2025;A;BASIC;tutor_86830834@gmail.com
69387996;27693879969;Gomez, Jorge;18/06/1973;F;08/03/1979;ADULTO;29/08/2013;A;BASIC;
42456110;27424561105;Perez, Ana;14/06/1989;F;01/04/1994;ADULTO;06/11/1995;A;PREMIUM;
11877013;20118770138;Mendoza, Nahuel;09/06/2008;M;01/03/2008;ADULTO;19/01/2024;A;BASIC;
6619799;27066197994;Lopez, Juan;11/06/2001;F;03/03/2001;ADULTO;20/05/2025;A;VIP;
29811749;20298117496;mansour ana;15/06/1985;M;04/10/1998;ADULTO;16/02/2020;A;PREMIUM;
70885642;20708856429;Perez, Nahuel;08/06/2012;M;06/11/2021;MENOR;04/02/2024;A;FAMILY;tutor_70885642@gmail.com
150000000;20103849331;Falce, Antonella;15/06/1987;M;11/05/2021;ADULTO;20/08/2023;A;VIP;
55053755;30550537555;Gomez, Ana;16/06/1981;O;01/06/2000;ADULTO;20/05/2024;A;PREMIUM;
7593677;27075936775;mendoza lucia;16/06/1980;F;03/12/2015;ADULTO;28/04/2023;A;VIP;
50486603;27504866039;mendoza maria;08/06/2014;F;24/10/2023;MENOR;19/10/2024;A;VIP;tutor_50486603@gmail.com
80538500;30805385002;Scordia, Ezequiel;14/06/1990;O;04/08/2025;ADULTO;06/05/2026;A;PREMIUM;
31462601;30314626016;Lopez, Pedro;14/06/1991;O;09/06/1997;ADULTO;16/05/2008;A;BASIC;
3470387;27034703871;Mansour, Ana;19/06/1971;F;18/02/2007;ADULTO;17/09/2008;A;FAMILY;
150000000;23192606209;Lopez, Jorge;07/06/2016;M;06/05/2024;MENOR;25/02/2025;A;VIP;tutor_19260620@gmail.com
82907450;27829074503;Lopez, Cristina;14/06/1990;F;06/03/1990;ADULTO;20/10/2023;A;VIP;
51355088;27513550885;Falce, Antonella;19/06/1968;F;12/02/1994;ADULTO;08/05/1997;A;FAMILY;
4938130;30049381309;Falce, Nahuel;13/06/1992;O;19/01/2023;ADULTO;29/10/2025;A;FAMILY;
24590747;27245907479;Falce, Ana;18/06/1973;F;25/06/1982;ADULTO;06/01/2018;A;BASIC;
31303523;30313035235;Pellati, Jorge;17/06/1979;O;20/04/1986;ADULTO;24/03/2014;A;BASIC;
67103075;20671030754;Mansour, Antonella;09/06/2009;M;01/03/2009;MENOR;04/03/2019;A;FAMILY;tutor_67103075@gmail.com
20519981;27205199816;Scordia, Juan;19/06/1971;F;20/09/2018;ADULTO;21/12/2024;A;PREMIUM;
10059009;27100590099;pellati ezequiel;19/06/1971;F;01/07/2010;ADULTO;17/04/2022;A;BASIC;
38274230;27382742309;Mendoza, Jorge;19/06/1970;F;26/01/1981;ADULTO;30/01/2012;A;FAMILY;
500000;23757921359;Lopez, Cristina;11/06/2003;M;15/03/2025;ADULTO;24/12/2025;A;VIP;
63160269;20631602690;Gomez, Juan;08/06/2014;M;13/09/2015;MENOR;12/02/2026;A;FAMILY;tutor_63160269@gmail.com
52142943;20521429439;Lopez, Cristina;13/06/1994;M;24/12/2009;ADULTO;25/01/2014;A;BASIC;
83532506;20835325068;Mendoza, Maria;10/06/2007;M;02/03/2007;ADULTO;08/07/2012;A;VIP;
42846745;30428467457;Falce, Cristina;12/06/1996;O;11/12/1998;ADULTO;09/11/2003;A;PREMIUM;
47163522;30471635223;Pellati, Maria;17/06/1979;O;26/02/2007;ADULTO;28/09/2018;A;FAMILY;
95361482;27953614829;Mendoza, Cristina;10/06/2004;F;06/12/2004;ADULTO;22/05/2012;A;VIP;
37345494;27373454945;Lopez, Lucia;10/06/2005;F;10/01/2024;ADULTO;12/11/2024;A;VIP;
8031343;20080313439;mansour lucia;16/06/1980;M;16/04/2019;ADULTO;29/05/2024;A;BASIC;
99454969;27994549699;Gomez, Cristina;08/06/2012;F;27/04/2020;MENOR;19/12/2022;A;FAMILY;tutor_99454969@gmail.com
70500360;27705003608;Mansour, Jorge;17/06/1977;F;22/11/1987;ADULTO;13/04/2019;A;PREMIUM;
70416586;20704165863;gomez juan;19/06/1970;M;29/06/2015;ADULTO;29/04/2023;A;FAMILY;
78587460;27785874604;Scordia, Cristina;16/06/1980;F;18/10/1991;ADULTO;12/04/1995;A;BASIC;
75270547;30752705476;Gomez, Nahuel;08/06/2015;O;27/09/2016;MENOR;12/09/2017;A;BASIC;tutor_75270547@gmail.com
94334605;20943346055;Scordia, Maria;11/06/2003;M;22/09/2013;ADULTO;14/11/2024;A;FAMILY;
94721784;30947217840;gomez lucia;19/06/1970;O;26/07/2010;ADULTO;05/02/2015;A;FAMILY;
26109120;30261091209;Pellati, Ezequiel;17/06/1978;O;28/05/2019;ADULTO;27/06/2021;A;FAMILY;
79065813;20790658133;Perez, Cristina;16/06/1983;M;11/05/2020;ADULTO;08/10/2025;A;VIP;
76960657;27769606578;Lopez, Jorge;17/06/1977;F;11/05/2003;ADULTO;23/06/2025;A;VIP;
19550208;27195502086;Mansour, Jorge;15/06/1987;F;25/07/1988;ADULTO;18/03/2011;A;VIP;
9637226;23096372264;Mansour, Pedro;18/06/1972;F;13/09/2017;ADULTO;16/08/2020;A;PREMIUM;
48099299;20480992998;Scordia, Cristina;14/06/1990;M;14/02/2007;ADULTO;03/07/2011;A;BASIC;
99535424;20995354242;Pellati, Cristina;17/06/1978;M;05/10/2024;ADULTO;12/04/2025;A;PREMIUM;
73726239;30737262398;Scordia, Maria;17/06/1978;O;10/03/2024;ADULTO;27/05/2026;A;FAMILY;
1799989;300179998910;Perez, Maria;13/06/1992;O;18/04/1994;ADULTO;01/06/2019;A;BASIC;
68917322;27689173220;Mansour, Lucia;14/06/1988;F;29/06/1993;ADULTO;02/04/2005;A;FAMILY;
8771265;30087712652;Mansour, Nahuel;11/06/2003;O;31/07/2023;ADULTO;01/09/2024;A;BASIC;
66267279;27662672799;Lopez, Pedro;18/06/1973;F;22/02/2022;ADULTO;28/07/2022;A;PREMIUM;
61069219;27610692198;Scordia, Antonella;10/06/2004;F;24/03/2020;ADULTO;24/09/2020;A;FAMILY;
48642140;30486421408;Lopez, Juan;15/06/1986;O;15/10/1996;ADULTO;15/11/2012;A;PREMIUM;
46796132;27467961329;Gomez, Lucia;18/06/1975;F;29/01/1991;ADULTO;20/08/2003;A;VIP;
64581524;27645815241;Lopez, Juan;11/06/2000;F;03/03/2000;ADULTO;22/10/2014;A;VIP;
18672247;27186722472;Falce, Ana;19/06/1970;F;29/10/2005;ADULTO;04/06/2017;A;FAMILY;
19352574;27193525747;Scordia, Ezequiel;18/06/1975;F;04/12/2008;ADULTO;06/08/2021;A;FAMILY;
38133218;20381332188;Mansour, Maria;15/06/1986;M;22/02/2003;ADULTO;02/04/2021;A;VIP;
5472629;20054726296;Gomez, Antonella;11/06/2002;M;17/01/2016;ADULTO;06/11/2022;A;VIP;
20632129;30206321292;Pellati, Juan;18/06/1974;O;02/09/2001;ADULTO;24/04/2014;A;FAMILY;
6329945;20063299457;Mendoza, Antonella;10/06/2007;M;30/01/2013;ADULTO;29/12/2015;A;VIP;
150000000;27663906440;Pellati, Maria;16/06/1982;F;05/12/1997;ADULTO;19/02/2014;A;BASIC;
79505654;20795056549;Mansour, Pedro;16/06/1981;M;19/11/2012;ADULTO;19/11/2021;A;PREMIUM;
79316652;20793166525;Pellati, Pedro;10/06/2006;M;26/05/2026;ADULTO;26/05/2026;A;BASIC;
82000262;20820002629;Gomez, Cristina;11/06/2003;M;26/02/2015;ADULTO;19/03/2024;A;VIP;
64518006;27645180068;Gomez, Juan;15/06/1987;F;07/04/1995;ADULTO;25/04/2015;A;PREMIUM;
56986205;27569862057;Mansour, Jorge;11/06/2003;F;16/01/2013;ADULTO;03/07/2022;A;PREMIUM;
8367649;20083676499;Mansour, Nahuel;15/06/1984;M;24/08/2024;ADULTO;05/09/2024;A;PREMIUM;
10498131;27104981319;lopez nahuel;19/06/1970;F;09/06/2004;ADULTO;04/03/2026;A;PREMIUM;
76546930;27765469304;Falce, Ana;16/06/1982;F;17/08/2021;ADULTO;09/10/2022;A;BASIC;
60744616;23607446164;Scordia, Ana;17/06/1976;F;12/04/2020;ADULTO;27/06/2023;A;PREMIUM;
64263343;20642633431;Gomez, Antonella;12/06/1997;M;03/12/2008;ADULTO;20/06/2022;A;FAMILY;
3336304;23033363044;Scordia, Ana;17/06/1978;F;20/09/1998;ADULTO;01/12/2008;A;VIP;
89100692;27891006921;Falce, Ezequiel;19/06/1971;F;16/11/2000;ADULTO;22/03/2019;A;PREMIUM;
29255991;30292559913;perez jorge;16/06/1981;O;26/12/2023;ADULTO;05/01/2026;A;PREMIUM;
4209160;20042091600;pellati ana;15/06/1985;M;14/04/2008;ADULTO;09/02/2019;A;PREMIUM;
15931712;23159317129;Mansour, Ana;13/06/1992;M;14/11/2015;ADULTO;28/05/2018;A;VIP;
85447086;30854470864;Perez, Ana;16/06/1982;O;26/09/1993;ADULTO;12/11/2011;A;PREMIUM;
21375653;27213756538;gomez lucia;17/06/1978;F;23/06/2017;ADULTO;03/10/2018;A;VIP;
80782333;27807823332;Scordia, Pedro;13/06/1992;F;06/04/2005;ADULTO;13/06/2024;A;FAMILY;
28758350;20287583509;Lopez, Nahuel;18/06/1975;M;02/02/1999;ADULTO;04/11/2001;A;PREMIUM;
68574057;27685740570;Perez, Juan;14/06/1988;F;25/05/1999;ADULTO;30/09/2009;A;PREMIUM;
24005107;27240051079;Lopez, Maria;17/06/1977;F;20/06/2025;ADULTO;29/05/2026;A;VIP;
89458218;27894582184;Pellati, Maria;11/06/2002;F;25/01/2021;ADULTO;07/05/2023;A;VIP;
55413583;30554135834;Scordia, Nahuel;18/06/1972;O;10/03/1972;ADULTO;27/12/2013;A;PREMIUM;
68513836;30685138367;Gomez, Nahuel;15/06/1985;O;18/06/1989;ADULTO;31/05/2000;A;BASIC;
46997343;27469973439;scordia lucia;08/06/2014;F;24/09/2025;MENOR;27/02/2026;A;FAMILY;tutor_46997343@gmail.com
500000;20743338066;Perez, Maria;11/06/2003;M;16/03/2013;ADULTO;16/01/2018;A;PREMIUM;
88633057;30886330576;Mendoza, Juan;11/06/2000;O;03/05/2009;ADULTO;23/08/2011;A;BASIC;
16469008;301646900810;Lopez, Cristina;10/06/2004;O;29/10/2016;ADULTO;16/05/2020;A;BASIC;
2022487;30020224874;Pellati, Pedro;10/06/2004;O;18/11/2024;ADULTO;10/06/2025;A;PREMIUM;
150000000;30324069468;Lopez, Maria;16/06/1981;O;02/03/2001;ADULTO;28/05/2011;A;PREMIUM;
8824722;20088247222;mendoza lucia;16/06/1981;M;19/12/2019;ADULTO;10/12/2021;A;BASIC;
26220359;27262203595;Gomez, Cristina;19/06/1970;F;29/04/2009;ADULTO;26/02/2022;A;VIP;
24647276;30246472765;falce cristina;10/06/2007;O;30/07/2011;ADULTO;16/01/2018;A;FAMILY;
80822629;23808226294;Gomez, Ana;07/06/2016;F;02/01/2022;MENOR;20/10/2024;A;BASIC;tutor_80822629@gmail.com
86744786;20867447866;Mendoza, Juan;11/06/2000;M;27/03/2001;ADULTO;14/08/2025;A;FAMILY;
69748323;27697483239;Lopez, Lucia;18/06/1975;F;08/04/1979;ADULTO;22/01/1987;A;BASIC;
16568412;27165684129;Gomez, Lucia;17/06/1977;F;23/06/2001;ADULTO;15/02/2010;A;FAMILY;
83657980;27836579807;Mansour, Pedro;10/06/2004;F;14/06/2025;ADULTO;06/08/2025;A;BASIC;
500000;23236632814;Mendoza, Maria;15/06/1986;F;23/09/2020;ADULTO;21/05/2026;A;FAMILY;
64709892;20647098929;Pellati, Lucia;13/06/1994;M;25/04/2008;ADULTO;15/12/2012;A;FAMILY;
74261810;27742618108;Scordia, Ezequiel;18/06/1972;F;12/05/1993;ADULTO;03/12/2002;A;PREMIUM;
27064156;27270641569;Lopez, Ezequiel;11/06/2000;F;13/04/2005;ADULTO;15/05/2009;A;VIP;
53886999;27538869991;Mansour, Juan;15/06/1984;F;07/03/1984;ADULTO;12/05/2021;A;FAMILY;
150000000;20723752249;Falce, Ezequiel;18/06/1972;M;19/12/2001;ADULTO;12/09/2024;A;VIP;
67200850;20672008507;Lopez, Juan;16/06/1981;M;24/05/1989;ADULTO;09/02/2023;A;FAMILY;
98856364;30988563648;Scordia, Antonella;20/06/1966;O;12/03/1966;ADULTO;17/06/2024;A;BASIC;
91952619;30919526196;Mendoza, Juan;07/06/2016;O;27/05/2017;MENOR;02/05/2023;A;PREMIUM;tutor_91952619@gmail.com
55529562;27555295621;Mendoza, Juan;19/06/1971;F;15/05/1975;ADULTO;26/04/2010;A;VIP;
88423589;20884235899;Pellati, Pedro;12/06/1999;M;01/10/2024;ADULTO;08/08/2025;A;FAMILY;
95978680;27959786807;Falce, Jorge;16/06/1983;F;08/01/2019;ADULTO;03/03/2019;A;VIP;
44759412;23447594129;Pellati, Antonella;13/06/1994;M;20/10/1999;ADULTO;12/09/2016;A;BASIC;
35371173;27353711739;Falce, Maria;16/06/1980;F;15/05/1981;ADULTO;02/08/2019;A;FAMILY;
29226513;20292265132;Mendoza, Ezequiel;08/06/2013;M;23/11/2015;MENOR;25/02/2018;A;PREMIUM;tutor_29226513@gmail.com
13335407;27133354072;Falce, Ana;16/06/1980;F;17/08/2019;ADULTO;16/12/2024;A;PREMIUM;
23636167;30236361679;Pellati, Nahuel;08/06/2014;O;17/05/2015;MENOR;10/01/2026;A;BASIC;tutor_23636167@gmail.com
97166170;23971661709;Gomez, Nahuel;17/06/1978;F;11/12/1982;ADULTO;06/05/2019;A;FAMILY;
17632159;20176321599;Falce, Cristina;11/06/2002;M;07/07/2005;ADULTO;25/06/2021;A;VIP;
55828771;20558287714;Scordia, Ezequiel;19/06/1969;M;29/05/2003;ADULTO;03/11/2022;A;BASIC;
71642847;30716428474;falce cristina;08/06/2015;O;08/03/2021;MENOR;18/05/2021;A;VIP;tutor_71642847@gmail.com
70245349;20702453497;Mendoza, Maria;19/06/1968;M;02/06/2019;ADULTO;23/01/2021;A;FAMILY;
56798751;20567987516;mendoza ana;15/06/1985;M;13/05/2003;ADULTO;28/11/2019;A;VIP;
75463390;27754633900;Mendoza, Antonella;09/06/2009;F;11/01/2026;MENOR;01/03/2026;A;PREMIUM;
76761318;30767613187;Pellati, Ana;09/06/2009;O;09/04/2014;MENOR;21/12/2018;A;FAMILY;tutor_76761318@gmail.com
58660545;27586605459;Lopez, Pedro;14/06/1988;F;01/09/2013;ADULTO;01/07/2018;A;VIP;
50570472;30505704726;Mansour, Nahuel;20/06/1967;O;14/02/2020;ADULTO;18/10/2025;A;BASIC;
67751156;20677511568;Gomez, Lucia;11/06/2002;M;07/09/2009;ADULTO;18/05/2014;A;BASIC;
150000000;20257731147;Pellati, Juan;11/06/2001;M;20/06/2022;ADULTO;25/10/2024;A;FAMILY;
15246235;20152462353;Lopez, Juan;20/06/1967;M;16/06/1993;ADULTO;06/06/2002;A;FAMILY;
28739668;27287396681;Mendoza, Ezequiel;13/06/1992;F;30/06/1994;ADULTO;15/06/2007;A;VIP;
10234802;30102348024;pellati antonella;14/06/1991;O;03/05/2000;ADULTO;21/04/2006;A;VIP;
16938422;20169384224;Gomez, Lucia;08/06/2015;M;23/05/2023;MENOR;31/12/2025;A;BASIC;tutor_16938422@gmail.com
150000000;27553672703;Mansour, Ezequiel;16/06/1980;F;15/08/1981;ADULTO;27/03/1990;A;PREMIUM;
28260705;27282607059;Pellati, Maria;12/06/1999;F;01/06/2004;ADULTO;07/05/2009;A;FAMILY;
50395971;30503959719;Scordia, Lucia;14/06/1989;O;15/03/2018;ADULTO;16/09/2021;A;VIP;
96694429;309669442910;Pellati, Antonella;15/06/1987;O;25/06/1997;ADULTO;29/12/2023;A;PREMIUM;
22864007;20228640078;Lopez, Cristina;13/06/1992;M;15/03/1998;ADULTO;03/05/2019;A;BASIC;
51855139;20518551397;mansour ana;08/06/2014;M;17/12/2022;MENOR;29/07/2024;A;PREMIUM;tutor_51855139@gmail.com
36870662;20368706621;Scordia, Cristina;13/06/1993;M;03/03/1998;ADULTO;24/06/2016;A;VIP;
64757542;30647575427;lopez jorge;16/06/1980;O;07/10/2024;ADULTO;15/11/2024;A;PREMIUM;
69043392;306904339210;Mendoza, Cristina;20/06/1967;O;13/04/1970;ADULTO;09/12/1979;A;FAMILY;
85016543;20850165433;Pellati, Cristina;19/06/1970;M;06/06/1983;ADULTO;26/03/2026;A;VIP;
63095650;20630956502;Mansour, Lucia;11/06/2001;M;19/04/2008;ADULTO;13/05/2024;A;VIP;
45865258;27458652584;Lopez, Lucia;13/06/1992;F;26/12/2009;ADULTO;01/08/2017;A;BASIC;
500000;20590627381;Scordia, Pedro;11/06/2003;M;08/08/2021;ADULTO;21/06/2025;A;BASIC;
90943409;20909434093;scordia jorge;09/06/2011;M;21/01/2020;MENOR;31/01/2025;A;PREMIUM;tutor_90943409@gmail.com
7277798;30072777987;Mansour, Cristina;10/06/2006;O;05/11/2006;ADULTO;20/06/2008;A;PREMIUM;
5684655;20056846558;Falce, Lucia;14/06/1988;M;30/08/2009;ADULTO;11/07/2023;A;FAMILY;
85145615;30851456159;Mansour, Maria;20/06/1966;O;11/06/2008;ADULTO;20/10/2015;A;VIP;
500000;30595289986;Gomez, Ezequiel;11/06/2001;O;31/07/2021;ADULTO;18/03/2026;A;VIP;
43847420;30438474206;Scordia, Antonella;14/06/1988;O;10/11/2005;ADULTO;17/10/2017;A;PREMIUM;
14275109;30142751093;Falce, Ezequiel;13/06/1993;O;01/04/2025;ADULTO;30/06/2025;A;BASIC;
67372374;30673723744;Lopez, Cristina;14/06/1989;O;04/12/2009;ADULTO;16/01/2010;A;VIP;
89100937;30891009379;Lopez, Ezequiel;17/06/1978;O;18/11/2017;ADULTO;04/06/2025;A;VIP;
1537004;27015370047;Lopez, Juan;07/06/2016;F;09/09/2016;MENOR;28/11/2016;A;BASIC;tutor_1537004@gmail.com
85471019;27854710198;gomez maria;08/06/2014;F;22/05/2017;MENOR;24/11/2020;A;BASIC;tutor_85471019@gmail.com
25854582;20258545827;Gomez, Jorge;19/06/1969;M;17/10/1998;ADULTO;11/05/2014;A;FAMILY;
23345614;20233456145;Scordia, Ezequiel;18/06/1974;M;10/03/1974;ADULTO;27/05/2026;A;VIP;
85005705;20850057053;Lopez, Maria;17/06/1977;M;10/01/1997;ADULTO;19/05/2000;A;PREMIUM;
88316352;30883163520;Perez, Antonella;11/06/2003;O;26/03/2005;ADULTO;10/07/2017;A;VIP;
37646824;20376468241;Pellati, Antonella;10/06/2007;M;20/01/2009;ADULTO;20/06/2024;A;BASIC;
5399477;20053994777;Lopez, Pedro;18/06/1975;M;28/02/2010;ADULTO;22/06/2023;A;FAMILY;
9801619;20098016199;Gomez, Jorge;13/06/1993;M;25/05/2005;ADULTO;13/03/2024;A;VIP;
40353585;27403535856;Mansour, Juan;14/06/1988;F;06/03/1988;ADULTO;20/02/2014;A;FAMILY;
72766071;20727660713;Mansour, Maria;17/06/1977;M;28/01/2011;ADULTO;17/03/2025;A;BASIC;
86236001;27862360019;Mansour, Jorge;14/06/1990;F;07/10/2020;ADULTO;10/03/2025;A;PREMIUM;
69246124;30692461246;Perez, Cristina;13/06/1995;O;18/09/2010;ADULTO;19/12/2021;A;BASIC;
40159250;20401592505;Lopez, Antonella;20/06/1967;M;27/10/2007;ADULTO;25/01/2026;A;FAMILY;
76550700;20765507007;scordia nahuel;12/06/1996;M;16/03/2026;ADULTO;07/05/2026;A;VIP;
79904375;30799043757;Scordia, Cristina;18/06/1973;O;22/07/2015;ADULTO;19/03/2018;A;VIP;
94257853;27942578534;Falce, Jorge;14/06/1988;F;17/09/2022;ADULTO;27/10/2024;A;PREMIUM;
94756750;30947567507;Lopez, Cristina;16/06/1981;O;26/12/1994;ADULTO;03/01/1995;A;PREMIUM;
70837491;20708374912;Mendoza, Antonella;11/06/2002;M;13/10/2009;ADULTO;21/10/2019;A;VIP;
500000;27655315603;Falce, Ana;16/06/1980;F;04/12/2013;ADULTO;05/02/2024;A;BASIC;
77442649;307744264919;Gomez, Nahuel;19/06/1970;O;04/11/1975;ADULTO;13/09/2022;A;FAMILY;
65036056;20650360568;Lopez, Maria;13/06/1994;M;25/07/1995;ADULTO;30/06/2025;A;VIP;
37442489;30374424897;Mendoza, Ezequiel;10/06/2006;O;23/06/2009;ADULTO;13/12/2022;A;BASIC;
69226154;27692261548;Scordia, Antonella;14/06/1988;F;10/08/1996;ADULTO;30/11/2006;A;BASIC;
93167308;30931673080;Gomez, Lucia;07/06/2016;O;28/02/2016;MENOR;27/06/2025;A;FAMILY;tutor_93167308@gmail.com
64706856;30647068568;Mendoza, Lucia;11/06/2000;O;01/10/2004;ADULTO;05/05/2019;A;VIP;
58801840;20588018408;Scordia, Ezequiel;17/06/1977;M;03/11/2019;ADULTO;18/12/2023;A;FAMILY;
18475034;30184750349;Lopez, Jorge;18/06/1974;O;09/12/2002;ADULTO;12/07/2005;A;VIP;
38433164;20384331646;Falce, Juan;10/06/2004;M;26/03/2007;ADULTO;05/08/2020;A;PREMIUM;
65630612;30656306129;Lopez, Cristina;11/06/2003;O;21/03/2007;ADULTO;27/12/2019;A;BASIC;
93970434;30939704341;Falce, Lucia;20/06/1966;O;23/09/2005;ADULTO;10/11/2019;A;PREMIUM;
15499159;20154991590;Mansour, Cristina;13/06/1995;M;15/07/2005;ADULTO;22/07/2024;A;VIP;
92950566;20929505663;Mansour, Nahuel;19/06/1968;M;14/04/1999;ADULTO;14/11/2018;A;VIP;
92441668;20924416689;lopez juan;17/06/1976;M;21/04/1981;ADULTO;18/03/1988;A;BASIC;
19059381;23190593819;Falce, Juan;12/06/1997;M;06/02/2009;ADULTO;22/02/2010;A;FAMILY;
83442715;27834427155;Mansour, Pedro;16/06/1980;F;30/01/1986;ADULTO;16/03/2020;A;FAMILY;
500000;27437178424;Pellati, Maria;11/06/2000;F;14/06/2001;ADULTO;02/02/2020;A;FAMILY;
500000;27706428289;Gomez, Cristina;16/06/1982;F;14/10/2018;ADULTO;07/03/2021;A;FAMILY;
31921492;20319214926;Pellati, Maria;12/06/1996;M;09/10/2013;ADULTO;24/01/2025;A;FAMILY;
62244400;306224440010;Gomez, Antonella;20/06/1967;O;10/03/1970;ADULTO;27/05/1994;A;FAMILY;
14930245;27149302455;Falce, Ezequiel;12/06/1997;F;22/11/1997;ADULTO;12/12/2020;A;BASIC;
31127035;30311270350;Gomez, Lucia;16/06/1982;O;09/10/2011;ADULTO;22/11/2017;A;PREMIUM;
68492070;30684920703;Mansour, Cristina;16/06/1981;O;15/09/2020;ADULTO;23/07/2023;A;PREMIUM;
80590337;27805903371;Lopez, Nahuel;16/06/1982;F;03/03/1998;ADULTO;10/06/2020;A;VIP;
90014317;30900143172;Scordia, Cristina;19/06/1971;O;11/03/1971;ADULTO;11/04/2011;A;VIP;
23916466;30239164664;Perez, Cristina;20/06/1967;O;23/05/1989;ADULTO;16/06/2015;A;FAMILY;
26966502;30269665021;Mansour, Ana;10/06/2005;O;31/05/2020;ADULTO;26/05/2023;A;BASIC;
76493771;20764937717;Falce, Antonella;15/06/1986;M;24/05/2005;ADULTO;15/07/2015;A;FAMILY;
45546255;20455462550;Lopez, Pedro;10/06/2004;M;13/02/2012;ADULTO;08/06/2013;A;FAMILY;
26187665;27261876659;Scordia, Pedro;16/06/1982;F;27/02/2019;ADULTO;20/11/2024;A;BASIC;
99334559;20993345599;Perez, Juan;17/06/1977;M;20/07/2015;ADULTO;13/08/2021;A;VIP;
16070824;20160708248;Falce, Cristina;08/06/2015;M;10/08/2015;MENOR;26/07/2018;A;FAMILY;tutor_16070824@gmail.com
77751626;20777516265;lopez ana;15/06/1987;M;09/11/2012;ADULTO;01/05/2022;A;BASIC;
47358229;27473582290;Lopez, Juan;19/06/1968;F;24/05/1974;ADULTO;16/02/1985;A;PREMIUM;
28439719;27284397199;Lopez, Pedro;09/06/2009;F;23/01/2026;MENOR;24/03/2026;A;PREMIUM;tutor_28439719@gmail.com
59587671;30595876717;Falce, Cristina;15/06/1984;O;31/01/2001;ADULTO;26/02/2012;A;VIP;
93344084;30933440849;Pellati, Antonella;15/06/1985;O;24/10/2017;ADULTO;11/04/2025;A;BASIC;
28262521;27282625216;Pellati, Ezequiel;14/06/1991;F;17/05/2010;ADULTO;02/07/2024;A;FAMILY;
97777789;20977777896;Pellati, Ezequiel;09/06/2010;M;19/03/2011;MENOR;10/10/2017;A;BASIC;tutor_97777789@gmail.com
500000;20307642949;Scordia, Maria;16/06/1982;M;23/12/1983;ADULTO;07/12/2011;A;BASIC;
33753938;27337539381;Mansour, Jorge;11/06/2003;F;24/02/2006;ADULTO;12/09/2016;A;BASIC;
16951441;20169514411;Gomez, Antonella;17/06/1976;M;09/05/1997;ADULTO;07/03/2007;A;VIP;
21989352;302198935210;falce lucia;19/06/1971;O;31/05/1976;ADULTO;02/01/2000;A;FAMILY;
4564876;30045648769;Perez, Ezequiel;10/06/2005;O;21/02/2016;ADULTO;23/07/2025;A;BASIC;
54817673;27548176730;Falce, Juan;11/06/2000;F;12/07/2013;ADULTO;24/01/2017;A;FAMILY;
40196703;20401967037;falce maria;11/06/2000;M;11/07/2013;ADULTO;23/02/2024;A;VIP;
1827014;30018270141;Pellati, Cristina;12/06/1996;O;10/01/2015;ADULTO;02/07/2016;A;BASIC;
78357876;27783578765;perez juan;10/06/2004;F;18/12/2013;ADULTO;25/09/2021;A;PREMIUM;
4333248;20043332489;Lopez, Nahuel;12/06/1998;M;18/10/2008;ADULTO;10/06/2025;A;BASIC;
99408690;27994086907;Perez, Antonella;18/06/1972;F;10/01/1985;ADULTO;06/12/2007;A;FAMILY;
21119519;27211195199;Mansour, Ana;12/06/1998;F;31/08/2006;ADULTO;08/01/2008;A;BASIC;
68317664;27683176643;Gomez, Pedro;15/06/1987;F;29/04/2000;ADULTO;05/11/2018;A;PREMIUM;
8406270;20084062708;Pellati, Lucia;10/06/2006;M;03/07/2012;ADULTO;20/03/2015;A;FAMILY;
66884844;306688484410;Scordia, Pedro;11/06/2002;O;08/06/2022;ADULTO;13/04/2026;A;VIP;
